-- ============================================================
-- DLM_TESTDATA_INIT : 테스트데이터 자동생성 JOB 초기 데이터
-- ============================================================
-- 운영 데이터를 마스터키맵으로 비식별 변환하여 검증/개발계로 이관하는
-- 테스트데이터 자동생성(TDM) JOB 정의를 일괄 등록하는 초기 스크립트입니다.
--
-- [등록 JOB]
--   TESTDATA_AUTO_GEN        : 테스트데이터 자동생성(전체)
--   TESTDATA_AUTO_GEN_FIXED  : 테스트데이터 자동생성(전체)_FIXED
--   ※ 두 JOB 모두 VERSION 1 만 적재 (최신 운영 export 기준 — 2026-04-25)
--
-- [STEP 구성]
--   GEN_KEYMAP            : 신청 고객번호 연관 키맵 추출
--   MIG_KEYMAP            : KEYMAP 을 검증/개발계 DB 로 이관
--   GEN_MASTER_KEYMAP     : 검증/개발계의 MASTER KEY 생성
--   EXE_TRANSFORM         : 개인정보변환 + MASTERKEY 매핑 (SCRAMBLE)
--   BROADCAST_MASTERKEY   : TARGET MASTERKEYMAP 전달
--   EXE_FINISH            : JOB 마무리
--
-- [등록 테이블]
--   1. TBL_PIIJOB        : JOB 헤더
--   2. TBL_PIISTEP       : JOB 별 STEP 정의
--   3. TBL_PIISTEPTABLE  : STEP 별 처리 테이블 / 변환 SQL
--
-- ============================================================
-- 사이트별 배포 시 아래 변수를 해당 사이트 값으로 치환(Replace All)하세요.
--
--   COTDL       -> DLM 스키마명         (기본값: COTDL)
--   DAON        -> 운영 원천 DB 명      (예: DAON)
--   DAOND       -> 검증/개발계 DB 명    (예: DAOND)
--   COOWNSER    -> 원천 OWNER (계약)    (예: COOWNSER)
--   #KEYMAP_ID  -> 런타임 치환 (KEYMAP_ID)
--   #BASEDATE   -> 런타임 치환 (BASEDATE)
--   #ORDERID    -> 런타임 치환 (ORDERID)
-- ============================================================


-- ────────────────────────────────────────────────────────────
-- 기존 데이터 삭제 (JOBID 스코프 — 다른 JOB 영향 없음)
-- 자식 테이블 → 부모 테이블 순서로 삭제
-- ────────────────────────────────────────────────────────────
DELETE FROM COTDL.TBL_PIISTEPTABLE WHERE JOBID IN ('TESTDATA_AUTO_GEN','TESTDATA_AUTO_GEN_FIXED');
DELETE FROM COTDL.TBL_PIISTEP      WHERE JOBID IN ('TESTDATA_AUTO_GEN','TESTDATA_AUTO_GEN_FIXED');
DELETE FROM COTDL.TBL_PIIJOB       WHERE JOBID IN ('TESTDATA_AUTO_GEN','TESTDATA_AUTO_GEN_FIXED');


-- ────────────────────────────────────────────────────────────
-- 1. TBL_PIIJOB : JOB 헤더
-- ────────────────────────────────────────────────────────────
INSERT INTO COTDL.TBL_PIIJOB (JOBID,VERSION,JOBNAME,`SYSTEM`,POLICY_ID,KEYMAP_ID,JOBTYPE,RUNTYPE,CALENDAR,`TIME`,CRONVAL,CONFIRMFLAG,STATUS,PHASE,JOB_OWNER_ID1,JOB_OWNER_NAME1,JOB_OWNER_ID2,JOB_OWNER_NAME2,JOB_OWNER_ID3,JOB_OWNER_NAME3,ENDDATE,REGDATE,UPDDATE,REGUSERID,UPDUSERID) VALUES
	 ('TESTDATA_AUTO_GEN','1','테스트데이터 자동생성(전체)','CORE','','#KEYMAP_ID','TDM','IRREGULAR','ALLDAYS','','##########','N','ACTIVE','CHECKIN','admin','어드민',NULL,NULL,NULL,NULL,NULL,'2026-04-25 12:26:46','2026-04-25 12:28:06','member_it','admin'),
	 ('TESTDATA_AUTO_GEN_FIXED','1','테스트데이터 자동생성(전체)_FIXED','CORE','','#KEYMAP_ID','TDM','IRREGULAR','ALLDAYS','','##########','N','ACTIVE','CHECKOUT','admin','어드민','','','','',NULL,'2026-04-25 12:27:05','2026-04-25 12:28:48','member_it','admin');


-- ────────────────────────────────────────────────────────────
-- 2. TBL_PIISTEP : JOB 별 STEP 정의
-- ────────────────────────────────────────────────────────────
INSERT INTO COTDL.TBL_PIISTEP (JOBID,VERSION,STEPID,STEPNAME,STEPTYPE,STEPSEQ,DB,STATUS,PHASE,THREADCNT,COMMITCNT,ENDDATE,REGDATE,UPDDATE,REGUSERID,UPDUSERID,DATA_HANDLING_METHOD,PROCESSING_METHOD,FK_DISABLE_FLAG,INDEX_UNUSUAL_FLAG,VAL1,VAL2,VAL3,VAL4,VAL5) VALUES
	 ('TESTDATA_AUTO_GEN','1','BROADCAST_MASTERKEY','TARGET MASTERKEYMAP 전달','EXE_BROADCAST',5,'DAOND','ACTIVE','CHECKOUT',1,5000,NULL,'2026-04-25 12:26:46','2026-04-25 12:26:46','admin','admin',NULL,NULL,'',NULL,NULL,NULL,NULL,NULL,NULL),
	 ('TESTDATA_AUTO_GEN','1','EXE_FINISH','JOB 마무리','EXE_FINISH',6,'DAON','ACTIVE','CHECKOUT',1,5000,NULL,'2026-04-25 12:26:46','2026-04-25 12:26:46','admin','admin',NULL,NULL,NULL,NULL,NULL,NULL,NULL,NULL,NULL),
	 ('TESTDATA_AUTO_GEN','1','EXE_TRANSFORM','개인정보변환 & MASTERKEY 매핑','EXE_SCRAMBLE',4,'DAON','ACTIVE','CHECKOUT',10,5000,NULL,'2026-04-25 12:26:46','2026-04-25 12:26:46','admin','admin','APPEND','TMP_TABLE','','N','1',NULL,NULL,NULL,NULL),
	 ('TESTDATA_AUTO_GEN','1','GEN_KEYMAP','신청 고객번호 연관 키맵 추출','GEN_KEYMAP',1,'DAON','ACTIVE','CHECKOUT',1,5000,NULL,'2026-04-25 12:26:46','2026-04-25 12:26:46','admin','admin',NULL,NULL,NULL,NULL,NULL,NULL,NULL,NULL,NULL),
	 ('TESTDATA_AUTO_GEN','1','GEN_MASTER_KEYMAP','검증, 개발계의 MASTER KEY 를 생성','EXE_EXTRACT',3,'DAON','ACTIVE','CHECKOUT',1,5000,NULL,'2026-04-25 12:26:46','2026-04-25 12:26:46','admin','admin',NULL,NULL,NULL,NULL,NULL,NULL,NULL,NULL,NULL),
	 ('TESTDATA_AUTO_GEN','1','MIG_KEYMAP','KEYMAP을 검증,개발계 DB로 이관','EXE_BROADCAST',2,'DAON','ACTIVE','CHECKOUT',1,5000,NULL,'2026-04-25 12:26:46','2026-04-25 12:26:46','admin','admin',NULL,NULL,NULL,NULL,NULL,NULL,NULL,NULL,NULL),
	 ('TESTDATA_AUTO_GEN_FIXED','1','BROADCAST_MASTERKEY','TARGET MASTERKEYMAP 전달','EXE_BROADCAST',5,'DAOND','ACTIVE','CHECKOUT',1,5000,NULL,'2026-04-25 12:27:05','2026-04-25 12:27:05','admin','admin',NULL,NULL,'',NULL,NULL,NULL,NULL,NULL,NULL),
	 ('TESTDATA_AUTO_GEN_FIXED','1','EXE_FINISH','JOB 마무리','EXE_FINISH',6,'DAON','ACTIVE','CHECKOUT',1,5000,NULL,'2026-04-25 12:27:05','2026-04-25 12:27:05','admin','admin',NULL,NULL,NULL,NULL,NULL,NULL,NULL,NULL,NULL),
	 ('TESTDATA_AUTO_GEN_FIXED','1','EXE_TRANSFORM','개인정보변환 & MASTERKEY 매핑','EXE_SCRAMBLE',4,'DAON','ACTIVE','CHECKOUT',10,5000,NULL,'2026-04-25 12:27:05','2026-04-25 12:27:05','admin','admin','APPEND','TMP_TABLE','','N','1',NULL,NULL,NULL,NULL),
	 ('TESTDATA_AUTO_GEN_FIXED','1','GEN_KEYMAP','신청 고객번호 연관 키맵 추출','GEN_KEYMAP',1,'DAON','ACTIVE','CHECKOUT',1,5000,NULL,'2026-04-25 12:27:05','2026-04-25 12:27:05','admin','admin',NULL,NULL,NULL,NULL,NULL,NULL,NULL,NULL,NULL);
INSERT INTO COTDL.TBL_PIISTEP (JOBID,VERSION,STEPID,STEPNAME,STEPTYPE,STEPSEQ,DB,STATUS,PHASE,THREADCNT,COMMITCNT,ENDDATE,REGDATE,UPDDATE,REGUSERID,UPDUSERID,DATA_HANDLING_METHOD,PROCESSING_METHOD,FK_DISABLE_FLAG,INDEX_UNUSUAL_FLAG,VAL1,VAL2,VAL3,VAL4,VAL5) VALUES
	 ('TESTDATA_AUTO_GEN_FIXED','1','GEN_MASTER_KEYMAP','검증, 개발계의 MASTER KEY 를 생성','EXE_EXTRACT',3,'DAON','ACTIVE','CHECKOUT',1,5000,NULL,'2026-04-25 12:27:05','2026-04-25 12:27:05','admin','admin',NULL,NULL,NULL,NULL,NULL,NULL,NULL,NULL,NULL),
	 ('TESTDATA_AUTO_GEN_FIXED','1','MIG_KEYMAP','KEYMAP을 검증,개발계 DB로 이관','EXE_BROADCAST',2,'DAON','ACTIVE','CHECKOUT',1,5000,NULL,'2026-04-25 12:27:05','2026-04-25 12:27:05','admin','admin',NULL,NULL,NULL,NULL,NULL,NULL,NULL,NULL,NULL);


-- ────────────────────────────────────────────────────────────
-- 3. TBL_PIISTEPTABLE : STEP 별 처리 테이블 / 변환 SQL
-- ────────────────────────────────────────────────────────────
INSERT INTO COTDL.TBL_PIISTEPTABLE (JOBID,VERSION,STEPID,DB,OWNER,TABLE_NAME,PAGITYPE,PAGITYPEDETAIL,EXETYPE,ARCHIVEFLAG,STATUS,`PRECEDING`,SUCCEDDING,SEQ1,SEQ2,SEQ3,PIPELINE,PK_COL,WHERE_COL,WHERE_KEY_NAME,PARALLELCNT,COMMITCNT,WHERESTR,SQLSTR,KEYMAP_ID,KEY_NAME,KEY_COLS,KEY_REFSTR,SQLTYPE,REGDATE,UPDDATE,REGUSERID,UPDUSERID,HINTSELECT,HINTINSERT,UVAL1,UVAL2,UVAL3,UVAL4,UVAL5) VALUES
	 ('TESTDATA_AUTO_GEN','1','BROADCAST_MASTERKEY','DLM','COTDL','TBL_PIIMASTERKEYMAP',NULL,NULL,'BROADCAST','','',NULL,NULL,1,10,10,NULL,'','','',NULL,NULL,'ORDERID = ''#KEYMAP_ID''','insert into COTDL.TBL_PIIMASTERKEYMAP -- Target DB : DLM
select * from COTDL.TBL_PIIMASTERKEYMAP -- DB in Step
 where ORDERID = ''#KEYMAP_ID''',NULL,NULL,NULL,'',NULL,'2026-04-25 12:26:46','2026-04-25 12:26:46','admin','admin',NULL,NULL,NULL,NULL,NULL,NULL,NULL),
	 ('TESTDATA_AUTO_GEN','1','EXE_FINISH','DLM','COTDL','TBL_TESTDATA',NULL,NULL,'FINISH','','',NULL,NULL,10,10,10,NULL,'','','',NULL,NULL,NULL,'UPDATE COTDL.TBL_TESTDATA
   SET UPDDATE= NOW(),
       STATUS = ''Ended OK'',
       CUSTID_NEW = (select GROUP_CONCAT(NEWVAL1 SEPARATOR '', '') AS combined_columns
		FROM COTDL.TBL_PIIMASTERKEYMAP
		WHERE ORDERID = ''#ORDERID'' and KEY_NAME = ''ACTID''
		GROUP BY ORDERID)
 WHERE NEW_ORDERID = ''#ORDERID''
',NULL,NULL,NULL,'',NULL,'2026-04-25 12:26:46','2026-04-25 12:26:46','admin','admin',NULL,NULL,NULL,NULL,NULL,NULL,NULL),
	 ('TESTDATA_AUTO_GEN','1','EXE_FINISH','DAON','COTDL','TBL_PIIKEYMAP',NULL,NULL,'FINISH','','',NULL,NULL,10,20,10,NULL,'','','',NULL,NULL,NULL,'DELETE FROM COTDL.TBL_PIIKEYMAP
 WHERE KEYMAP_ID = ''#KEYMAP_ID''',NULL,NULL,NULL,'',NULL,'2026-04-25 12:26:46','2026-04-25 12:26:46','admin','admin',NULL,NULL,NULL,NULL,NULL,NULL,NULL),
	 ('TESTDATA_AUTO_GEN','1','EXE_FINISH','DAOND','COTDL','TBL_PIIKEYMAP',NULL,NULL,'FINISH','','',NULL,NULL,10,30,10,NULL,'','','',NULL,NULL,NULL,'DELETE FROM COTDL.TBL_PIIKEYMAP
 WHERE KEYMAP_ID = ''#KEYMAP_ID''',NULL,NULL,NULL,'',NULL,'2026-04-25 12:26:46','2026-04-25 12:26:46','admin','admin',NULL,NULL,NULL,NULL,NULL,NULL,NULL),
	 ('TESTDATA_AUTO_GEN','1','EXE_TRANSFORM','DAOND','COOWNSER','ACTEUR','','','SCRAMBLE','','','','',10,10,10,NULL,'ACTID','ACTID','KEY_ACTID',NULL,NULL,'B.KEY_NAME = ''KEY_ACTID'' AND B.KEYMAP_ID = ''#KEYMAP_ID'' AND B.BASEDATE = TO_DATE(''#BASEDATE'',''yyyy/mm/dd'') AND A.ACTID = B.VAL1',NULL,NULL,NULL,NULL,'',NULL,'2026-04-25 12:26:46','2026-04-25 12:26:46','','admin','',NULL,'',NULL,NULL,NULL,NULL),
	 ('TESTDATA_AUTO_GEN','1','EXE_TRANSFORM','DAOND','COOWNORG','ARAGRID',NULL,NULL,'SCRAMBLE',NULL,NULL,NULL,NULL,10,20,10,NULL,'ANAID','ANAID','KEY_ANAID',NULL,NULL,'B.KEY_NAME = ''KEY_ANAID'' AND B.KEYMAP_ID = ''#KEYMAP_ID'' AND B.BASEDATE = TO_DATE(''#BASEDATE'',''yyyy/mm/dd'') AND A.ANAID = B.VAL1','',NULL,NULL,NULL,NULL,NULL,'2026-04-25 12:26:46','2026-04-25 12:26:46','admin','admin',NULL,NULL,NULL,NULL,NULL,NULL,NULL),
	 ('TESTDATA_AUTO_GEN','1','EXE_TRANSFORM','DAOND','COOWNORG','CERTIFICATE',NULL,NULL,'SCRAMBLE',NULL,NULL,NULL,NULL,10,30,10,NULL,'CERID','ACTID','KEY_ACTID',NULL,NULL,'B.KEY_NAME = ''KEY_ACTID'' AND B.KEYMAP_ID = ''#KEYMAP_ID'' AND B.BASEDATE = TO_DATE(''#BASEDATE'',''yyyy/mm/dd'') AND A.ACTID = B.VAL1','',NULL,NULL,NULL,NULL,NULL,'2026-04-25 12:26:46','2026-04-25 12:26:46','admin','admin',NULL,NULL,NULL,NULL,NULL,NULL,NULL),
	 ('TESTDATA_AUTO_GEN','1','EXE_TRANSFORM','DAOND','COOWNORG','DMODETAIL',NULL,NULL,'SCRAMBLE',NULL,NULL,NULL,NULL,10,40,10,NULL,'DOSID','DOSID','KEY_DOSID',NULL,NULL,'B.KEY_NAME = ''KEY_DOSID'' AND B.KEYMAP_ID = ''#KEYMAP_ID'' AND B.BASEDATE = TO_DATE(''#BASEDATE'',''yyyy/mm/dd'') AND A.DOSID = B.VAL1','',NULL,NULL,NULL,NULL,NULL,'2026-04-25 12:26:46','2026-04-25 12:26:46','admin','admin',NULL,NULL,NULL,NULL,NULL,NULL,NULL),
	 ('TESTDATA_AUTO_GEN','1','EXE_TRANSFORM','DAOND','COOWNORG','DPRBIM',NULL,NULL,'SCRAMBLE',NULL,NULL,NULL,NULL,10,50,10,NULL,'DOSID','DOSID','KEY_DOSID',NULL,NULL,'B.KEY_NAME = ''KEY_DOSID'' AND B.KEYMAP_ID = ''#KEYMAP_ID'' AND B.BASEDATE = TO_DATE(''#BASEDATE'',''yyyy/mm/dd'') AND A.DOSID = B.VAL1','',NULL,NULL,NULL,NULL,NULL,'2026-04-25 12:26:46','2026-04-25 12:26:46','admin','admin',NULL,NULL,NULL,NULL,NULL,NULL,NULL),
	 ('TESTDATA_AUTO_GEN','1','EXE_TRANSFORM','DAOND','COOWNORG','DPRDEBTAGENCY',NULL,NULL,'SCRAMBLE',NULL,NULL,NULL,NULL,10,60,10,NULL,'DOSID','DOSID','KEY_DOSID',NULL,NULL,'B.KEY_NAME = ''KEY_DOSID'' AND B.KEYMAP_ID = ''#KEYMAP_ID'' AND B.BASEDATE = TO_DATE(''#BASEDATE'',''yyyy/mm/dd'') AND A.DOSID = B.VAL1','',NULL,NULL,NULL,NULL,NULL,'2026-04-25 12:26:46','2026-04-25 12:26:46','admin','admin',NULL,NULL,NULL,NULL,NULL,NULL,NULL);
INSERT INTO COTDL.TBL_PIISTEPTABLE (JOBID,VERSION,STEPID,DB,OWNER,TABLE_NAME,PAGITYPE,PAGITYPEDETAIL,EXETYPE,ARCHIVEFLAG,STATUS,`PRECEDING`,SUCCEDDING,SEQ1,SEQ2,SEQ3,PIPELINE,PK_COL,WHERE_COL,WHERE_KEY_NAME,PARALLELCNT,COMMITCNT,WHERESTR,SQLSTR,KEYMAP_ID,KEY_NAME,KEY_COLS,KEY_REFSTR,SQLTYPE,REGDATE,UPDDATE,REGUSERID,UPDUSERID,HINTSELECT,HINTINSERT,UVAL1,UVAL2,UVAL3,UVAL4,UVAL5) VALUES
	 ('TESTDATA_AUTO_GEN','1','EXE_TRANSFORM','DAOND','COOWNORG','LKDPRTCS',NULL,NULL,'SCRAMBLE',NULL,NULL,NULL,NULL,10,70,10,NULL,'DOSID','DOSID','KEY_DOSID',NULL,NULL,'B.KEY_NAME = ''KEY_DOSID'' AND B.KEYMAP_ID = ''#KEYMAP_ID'' AND B.BASEDATE = TO_DATE(''#BASEDATE'',''yyyy/mm/dd'') AND A.DOSID = B.VAL1','',NULL,NULL,NULL,NULL,NULL,'2026-04-25 12:26:46','2026-04-25 12:26:46','admin','admin',NULL,NULL,NULL,NULL,NULL,NULL,NULL),
	 ('TESTDATA_AUTO_GEN','1','EXE_TRANSFORM','DAOND','COOWNORG','CERTIFICATE','','','SCRAMBLE','','','','',10,80,10,NULL,'CERID','CERID','KEY_CERID',NULL,NULL,'B.KEY_NAME = ''KEY_CERID'' AND B.KEYMAP_ID = ''#KEYMAP_ID'' AND B.BASEDATE = TO_DATE(''#BASEDATE'',''yyyy/mm/dd'') AND A.CERID = B.VAL1',NULL,NULL,NULL,NULL,'',NULL,'2026-04-25 12:26:46','2026-04-25 12:26:46','','admin','',NULL,'',NULL,NULL,NULL,NULL),
	 ('TESTDATA_AUTO_GEN','1','GEN_KEYMAP','DAON','COTDL','TBL_PIIEXTRACT',NULL,NULL,'KEYMAP','','',NULL,NULL,10,0,1,NULL,'고객ID','ACT_ID','',NULL,NULL,'SELECT ''#KEYMAP_ID'',''DAON'',''KEY_ACTID'', TO_DATE(''#BASEDATE'',''yyyy/mm/dd''), ACTID, ACTID , null 
FROM COOWNSER.ACTEUR
WHERE actid IN (#CUSTIDSFORTESTDATA)','INSERT INTO COTDL.TBL_PIIKEYMAP(KEYMAP_ID, DB, KEY_NAME, BASEDATE, CUSTID, VAL1, EXPECTED_ARC_DEL_DATE) SELECT ''#KEYMAP_ID'',''DAON'',''KEY_ACTID'', TO_DATE(''#BASEDATE'',''yyyy/mm/dd''), ACTID, ACTID , null 
FROM COOWNSER.ACTEUR
WHERE actid IN (#CUSTIDSFORTESTDATA)','#KEYMAP_ID','KEY_ACTID','ACTID','B.KEY_NAME = ''KEY_ACTID'' AND B.KEYMAP_ID = ''#KEYMAP_ID'' AND B.BASEDATE = TO_DATE(''#BASEDATE'',''yyyy/mm/dd'') AND A.#WHERECOL1 = B.VAL1','MANUAL','2026-04-25 12:26:46','2026-04-25 12:26:46','admin','admin',NULL,NULL,NULL,NULL,NULL,NULL,NULL),
	 ('TESTDATA_AUTO_GEN','1','GEN_KEYMAP','DAON','COOWNSER','DOSACTEUR',NULL,NULL,'KEYMAP','','',NULL,NULL,10,0,100,NULL,'계약ID','ACTID','KEY_ACTID',NULL,NULL,'SELECT ''#KEYMAP_ID'',''DAON'',''KEY_DOSID'', TO_DATE(''#BASEDATE'',''yyyy/mm/dd''), B.CUSTID, A.DOSID , EXPECTED_ARC_DEL_DATE FROM COOWNSER.DOSACTEUR A, COTDL.TBL_PIIKEYMAP B WHERE  B.KEY_NAME = ''KEY_ACTID'' AND B.KEYMAP_ID = ''#KEYMAP_ID'' AND B.BASEDATE = TO_DATE(''#BASEDATE'',''yyyy/mm/dd'') AND A.ACTID = B.VAL1','INSERT INTO COTDL.TBL_PIIKEYMAP_TMP(KEYMAP_ID, DB, KEY_NAME, BASEDATE, CUSTID, VAL1, EXPECTED_ARC_DEL_DATE) SELECT ''#KEYMAP_ID'',''DAON'',''KEY_DOSID'', TO_DATE(''#BASEDATE'',''yyyy/mm/dd''), B.CUSTID, A.DOSID , EXPECTED_ARC_DEL_DATE FROM COOWNSER.DOSACTEUR A, COTDL.TBL_PIIKEYMAP B WHERE  B.KEY_NAME = ''KEY_ACTID'' AND B.KEYMAP_ID = ''#KEYMAP_ID'' AND B.BASEDATE = TO_DATE(''#BASEDATE'',''yyyy/mm/dd'') AND A.ACTID = B.VAL1','#KEYMAP_ID','KEY_DOSID','DOSID','B.KEY_NAME = ''KEY_DOSID'' AND B.KEYMAP_ID = ''#KEYMAP_ID'' AND B.BASEDATE = TO_DATE(''#BASEDATE'',''yyyy/mm/dd'') AND A.#WHERECOL1 = B.VAL1','AUTO','2026-04-25 12:26:46','2026-04-25 12:26:46','admin','admin',NULL,NULL,NULL,NULL,NULL,NULL,NULL),
	 ('TESTDATA_AUTO_GEN','1','GEN_KEYMAP','DAON','COOWNORG','DPRACTEUR',NULL,NULL,'KEYMAP','','',NULL,NULL,10,0,110,NULL,'계약ID','ACTID','KEY_ACTID',NULL,NULL,'SELECT ''#KEYMAP_ID'',''DAON'',''KEY_DOSID'', TO_DATE(''#BASEDATE'',''yyyy/mm/dd''), B.CUSTID, A.DOSID , EXPECTED_ARC_DEL_DATE FROM COOWNORG.DPRACTEUR A, COTDL.TBL_PIIKEYMAP B WHERE  B.KEY_NAME = ''KEY_ACTID'' AND B.KEYMAP_ID = ''#KEYMAP_ID'' AND B.BASEDATE = TO_DATE(''#BASEDATE'',''yyyy/mm/dd'') AND A.ACTID = B.VAL1','INSERT INTO COTDL.TBL_PIIKEYMAP_TMP(KEYMAP_ID, DB, KEY_NAME, BASEDATE, CUSTID, VAL1, EXPECTED_ARC_DEL_DATE) SELECT ''#KEYMAP_ID'',''DAON'',''KEY_DOSID'', TO_DATE(''#BASEDATE'',''yyyy/mm/dd''), B.CUSTID, A.DOSID , EXPECTED_ARC_DEL_DATE FROM COOWNORG.DPRACTEUR A, COTDL.TBL_PIIKEYMAP B WHERE  B.KEY_NAME = ''KEY_ACTID'' AND B.KEYMAP_ID = ''#KEYMAP_ID'' AND B.BASEDATE = TO_DATE(''#BASEDATE'',''yyyy/mm/dd'') AND A.ACTID = B.VAL1','#KEYMAP_ID','KEY_DOSID','DOSID','B.KEY_NAME = ''KEY_DOSID'' AND B.KEYMAP_ID = ''#KEYMAP_ID'' AND B.BASEDATE = TO_DATE(''#BASEDATE'',''yyyy/mm/dd'') AND A.#WHERECOL1 = B.VAL1','AUTO','2026-04-25 12:26:46','2026-04-25 12:26:46','admin','admin',NULL,NULL,NULL,NULL,NULL,NULL,NULL),
	 ('TESTDATA_AUTO_GEN','1','GEN_KEYMAP','DAON','COTDL','TBL_PIIKEYMAP_TMP',NULL,NULL,'KEYMAP','','',NULL,NULL,10,0,999,NULL,'계약ID','','',NULL,NULL,'SELECT DISTINCT ''#KEYMAP_ID'',''DAON'',''KEY_DOSID'', TO_DATE(''#BASEDATE'',''yyyy/mm/dd''), A.CUSTID, A.VAL1 , EXPECTED_ARC_DEL_DATE FROM COTDL.TBL_PIIKEYMAP_TMP A WHERE DB = ''DAON'' AND KEY_NAME = ''KEY_DOSID'' AND KEYMAP_ID = ''#KEYMAP_ID'' AND BASEDATE =TO_DATE(''#BASEDATE'',''yyyy/mm/dd'')','INSERT INTO COTDL.TBL_PIIKEYMAP(KEYMAP_ID, DB, KEY_NAME, BASEDATE, CUSTID, VAL1, EXPECTED_ARC_DEL_DATE) SELECT DISTINCT ''#KEYMAP_ID'',''DAON'',''KEY_DOSID'', TO_DATE(''#BASEDATE'',''yyyy/mm/dd''), A.CUSTID, A.VAL1 , EXPECTED_ARC_DEL_DATE FROM COTDL.TBL_PIIKEYMAP_TMP A WHERE DB = ''DAON'' AND KEY_NAME = ''KEY_DOSID'' AND KEYMAP_ID = ''#KEYMAP_ID'' AND BASEDATE =TO_DATE(''#BASEDATE'',''yyyy/mm/dd'')','#KEYMAP_ID','KEY_DOSID','DOSID','B.KEY_NAME = ''KEY_DOSID'' AND B.KEYMAP_ID = ''#KEYMAP_ID'' AND B.BASEDATE = TO_DATE(''#BASEDATE'',''yyyy/mm/dd'') AND A.#WHERECOL1 = B.VAL1','AUTO','2026-04-25 12:26:46','2026-04-25 12:26:46','admin','admin',NULL,NULL,NULL,NULL,NULL,NULL,NULL),
	 ('TESTDATA_AUTO_GEN','1','GEN_KEYMAP','DAON','COOWNSER','LKDOSRUBITRRUB',NULL,NULL,'KEYMAP','','',NULL,NULL,10,300,1,NULL,'자산번호','DOSID','KEY_DOSID',NULL,NULL,'SELECT ''#KEYMAP_ID'',''DAON'',''KEY_ITRID'', TO_DATE(''#BASEDATE'',''yyyy/mm/dd''), B.CUSTID, A.ITRID , EXPECTED_ARC_DEL_DATE FROM COOWNSER.LKDOSRUBITRRUB A, COTDL.TBL_PIIKEYMAP B WHERE  B.KEY_NAME = ''KEY_DOSID'' AND B.KEYMAP_ID = ''#KEYMAP_ID'' AND B.BASEDATE = TO_DATE(''#BASEDATE'',''yyyy/mm/dd'') AND A.DOSID = B.VAL1','INSERT INTO COTDL.TBL_PIIKEYMAP(KEYMAP_ID, DB, KEY_NAME, BASEDATE, CUSTID, VAL1, EXPECTED_ARC_DEL_DATE) SELECT ''#KEYMAP_ID'',''DAON'',''KEY_ITRID'', TO_DATE(''#BASEDATE'',''yyyy/mm/dd''), B.CUSTID, A.ITRID , EXPECTED_ARC_DEL_DATE FROM COOWNSER.LKDOSRUBITRRUB A, COTDL.TBL_PIIKEYMAP B WHERE  B.KEY_NAME = ''KEY_DOSID'' AND B.KEYMAP_ID = ''#KEYMAP_ID'' AND B.BASEDATE = TO_DATE(''#BASEDATE'',''yyyy/mm/dd'') AND A.DOSID = B.VAL1','#KEYMAP_ID','KEY_ITRID','ITRID','B.KEY_NAME = ''KEY_ITRID'' AND B.KEYMAP_ID = ''#KEYMAP_ID'' AND B.BASEDATE = TO_DATE(''#BASEDATE'',''yyyy/mm/dd'') AND A.#WHERECOL1 = B.VAL1','AUTO','2026-04-25 12:26:46','2026-04-25 12:26:46','admin','admin',NULL,NULL,NULL,NULL,NULL,NULL,NULL),
	 ('TESTDATA_AUTO_GEN','1','GEN_KEYMAP','DAON','COOWNORG','DPRPROPFINANCE',NULL,NULL,'KEYMAP','','',NULL,NULL,10,400,1,NULL,'견적번호','DOSID','KEY_DOSID',NULL,NULL,'SELECT ''#KEYMAP_ID'',''DAON'',''KEY_PFIID'', TO_DATE(''#BASEDATE'',''yyyy/mm/dd''), B.CUSTID, A.PFIID, B.EXPECTED_ARC_DEL_DATE FROM COOWNORG.DPRPROPFINANCE A, COTDL.TBL_PIIKEYMAP B WHERE B.KEY_NAME = ''KEY_DOSID'' AND B.KEYMAP_ID = ''#KEYMAP_ID'' AND B.BASEDATE = TO_DATE(''#BASEDATE'',''yyyy/mm/dd'') AND A.DOSID = B.VAL1','INSERT INTO COTDL.TBL_PIIKEYMAP(KEYMAP_ID, DB, KEY_NAME, BASEDATE, CUSTID, VAL1, EXPECTED_ARC_DEL_DATE) SELECT ''#KEYMAP_ID'',''DAON'',''KEY_PFIID'', TO_DATE(''#BASEDATE'',''yyyy/mm/dd''), B.CUSTID, A.PFIID, B.EXPECTED_ARC_DEL_DATE FROM COOWNORG.DPRPROPFINANCE A, COTDL.TBL_PIIKEYMAP B WHERE B.KEY_NAME = ''KEY_DOSID'' AND B.KEYMAP_ID = ''#KEYMAP_ID'' AND B.BASEDATE = TO_DATE(''#BASEDATE'',''yyyy/mm/dd'') AND A.DOSID = B.VAL1','#KEYMAP_ID','KEY_PFIID','PFIID','B.KEY_NAME = ''KEY_PFIID'' AND B.KEYMAP_ID = ''#KEYMAP_ID'' AND B.BASEDATE = TO_DATE(''#BASEDATE'',''yyyy/mm/dd'') AND A.#WHERECOL1 = B.VAL1','AUTO','2026-04-25 12:26:46','2026-04-25 12:26:46','admin','admin',NULL,NULL,NULL,NULL,NULL,NULL,NULL),
	 ('TESTDATA_AUTO_GEN','1','GEN_KEYMAP','DAON','COOWNSER','ACTRIB',NULL,NULL,'KEYMAP',NULL,NULL,NULL,NULL,10,500,1,NULL,'재무번호','ACTID','KEY_ACTID',4,NULL,'SELECT ''#KEYMAP_ID'',''DAON'',''KEY_RIBID'', TO_DATE(''#BASEDATE'',''yyyy/mm/dd''), B.CUSTID, A.RIBID , EXPECTED_ARC_DEL_DATE FROM COOWNSER.ACTRIB A, COTDL.TBL_PIIKEYMAP B WHERE  B.KEY_NAME = ''KEY_ACTID'' AND B.KEYMAP_ID = ''#KEYMAP_ID'' AND B.BASEDATE = TO_DATE(''#BASEDATE'',''yyyy/mm/dd'') AND A.ACTID = B.VAL1','INSERT INTO COTDL.TBL_PIIKEYMAP(KEYMAP_ID, DB, KEY_NAME, BASEDATE, CUSTID, VAL1, EXPECTED_ARC_DEL_DATE) SELECT ''#KEYMAP_ID'',''DAON'',''KEY_RIBID'', TO_DATE(''#BASEDATE'',''yyyy/mm/dd''), B.CUSTID, A.RIBID , EXPECTED_ARC_DEL_DATE FROM COOWNSER.ACTRIB A, COTDL.TBL_PIIKEYMAP B WHERE  B.KEY_NAME = ''KEY_ACTID'' AND B.KEYMAP_ID = ''#KEYMAP_ID'' AND B.BASEDATE = TO_DATE(''#BASEDATE'',''yyyy/mm/dd'') AND A.ACTID = B.VAL1','#KEYMAP_ID','KEY_RIBID','RIBID','B.KEY_NAME = ''KEY_RIBID'' AND B.KEYMAP_ID = ''#KEYMAP_ID'' AND B.BASEDATE = TO_DATE(''#BASEDATE'',''yyyy/mm/dd'') AND A.#WHERECOL1 = B.VAL1','AUTO','2026-04-25 12:26:46','2026-04-25 12:26:46','admin','admin',NULL,NULL,NULL,NULL,NULL,NULL,NULL),
	 ('TESTDATA_AUTO_GEN','1','GEN_KEYMAP','DAON','COOWNSER','ASSDOSSIER',NULL,NULL,'KEYMAP',NULL,NULL,NULL,NULL,10,600,1,NULL,'보험번호','DOSID','KEY_DOSID',4,NULL,'SELECT ''#KEYMAP_ID'',''DAON'',''KEY_ASSID'', TO_DATE(''#BASEDATE'',''yyyy/mm/dd''), B.CUSTID, A.ASSID , EXPECTED_ARC_DEL_DATE FROM COOWNSER.ASSDOSSIER A, COTDL.TBL_PIIKEYMAP B WHERE  B.KEY_NAME = ''KEY_DOSID'' AND B.KEYMAP_ID = ''#KEYMAP_ID'' AND B.BASEDATE = TO_DATE(''#BASEDATE'',''yyyy/mm/dd'') AND A.DOSID = B.VAL1','INSERT INTO COTDL.TBL_PIIKEYMAP(KEYMAP_ID, DB, KEY_NAME, BASEDATE, CUSTID, VAL1, EXPECTED_ARC_DEL_DATE) SELECT ''#KEYMAP_ID'',''DAON'',''KEY_ASSID'', TO_DATE(''#BASEDATE'',''yyyy/mm/dd''), B.CUSTID, A.ASSID , EXPECTED_ARC_DEL_DATE FROM COOWNSER.ASSDOSSIER A, COTDL.TBL_PIIKEYMAP B WHERE  B.KEY_NAME = ''KEY_DOSID'' AND B.KEYMAP_ID = ''#KEYMAP_ID'' AND B.BASEDATE = TO_DATE(''#BASEDATE'',''yyyy/mm/dd'') AND A.DOSID = B.VAL1','#KEYMAP_ID','KEY_ASSID','ASSID','B.KEY_NAME = ''KEY_ASSID'' AND B.KEYMAP_ID = ''#KEYMAP_ID'' AND B.BASEDATE = TO_DATE(''#BASEDATE'',''yyyy/mm/dd'') AND A.#WHERECOL1 = B.VAL1','AUTO','2026-04-25 12:26:46','2026-04-25 12:26:46','admin','admin',NULL,NULL,NULL,NULL,NULL,NULL,NULL);
INSERT INTO COTDL.TBL_PIISTEPTABLE (JOBID,VERSION,STEPID,DB,OWNER,TABLE_NAME,PAGITYPE,PAGITYPEDETAIL,EXETYPE,ARCHIVEFLAG,STATUS,`PRECEDING`,SUCCEDDING,SEQ1,SEQ2,SEQ3,PIPELINE,PK_COL,WHERE_COL,WHERE_KEY_NAME,PARALLELCNT,COMMITCNT,WHERESTR,SQLSTR,KEYMAP_ID,KEY_NAME,KEY_COLS,KEY_REFSTR,SQLTYPE,REGDATE,UPDDATE,REGUSERID,UPDUSERID,HINTSELECT,HINTINSERT,UVAL1,UVAL2,UVAL3,UVAL4,UVAL5) VALUES
	 ('TESTDATA_AUTO_GEN','1','GEN_KEYMAP','DAON','COOWNSER','DOSBIM',NULL,NULL,'KEYMAP',NULL,NULL,NULL,NULL,10,700,1,NULL,'부동자산번호','DOSID','KEY_DOSID',4,NULL,'SELECT ''#KEYMAP_ID'',''DAON'',''KEY_BIMID'', TO_DATE(''#BASEDATE'',''yyyy/mm/dd''), B.CUSTID, A.BIMID , EXPECTED_ARC_DEL_DATE FROM COOWNSER.DOSBIM A, COTDL.TBL_PIIKEYMAP B WHERE  B.KEY_NAME = ''KEY_DOSID'' AND B.KEYMAP_ID = ''#KEYMAP_ID'' AND B.BASEDATE = TO_DATE(''#BASEDATE'',''yyyy/mm/dd'') AND A.DOSID = B.VAL1','INSERT INTO COTDL.TBL_PIIKEYMAP(KEYMAP_ID, DB, KEY_NAME, BASEDATE, CUSTID, VAL1, EXPECTED_ARC_DEL_DATE) SELECT ''#KEYMAP_ID'',''DAON'',''KEY_BIMID'', TO_DATE(''#BASEDATE'',''yyyy/mm/dd''), B.CUSTID, A.BIMID , EXPECTED_ARC_DEL_DATE FROM COOWNSER.DOSBIM A, COTDL.TBL_PIIKEYMAP B WHERE  B.KEY_NAME = ''KEY_DOSID'' AND B.KEYMAP_ID = ''#KEYMAP_ID'' AND B.BASEDATE = TO_DATE(''#BASEDATE'',''yyyy/mm/dd'') AND A.DOSID = B.VAL1','#KEYMAP_ID','KEY_BIMID','BIMID','B.KEY_NAME = ''KEY_BIMID'' AND B.KEYMAP_ID = ''#KEYMAP_ID'' AND B.BASEDATE = TO_DATE(''#BASEDATE'',''yyyy/mm/dd'') AND A.#WHERECOL1 = B.VAL1','AUTO','2026-04-25 12:26:46','2026-04-25 12:26:46','admin','admin',NULL,NULL,NULL,NULL,NULL,NULL,NULL),
	 ('TESTDATA_AUTO_GEN','1','GEN_KEYMAP','DAON','COOWNSER','FACLIGNE',NULL,NULL,'KEYMAP',NULL,NULL,NULL,NULL,10,800,1,NULL,'청구번호','FLIDOSID','KEY_DOSID',4,NULL,'SELECT ''#KEYMAP_ID'',''DAON'',''KEY_FACID'', TO_DATE(''#BASEDATE'',''yyyy/mm/dd''), B.CUSTID, A.FACID , EXPECTED_ARC_DEL_DATE FROM COOWNSER.FACLIGNE A, COTDL.TBL_PIIKEYMAP B WHERE  B.KEY_NAME = ''KEY_DOSID'' AND B.KEYMAP_ID = ''#KEYMAP_ID'' AND B.BASEDATE = TO_DATE(''#BASEDATE'',''yyyy/mm/dd'') AND A.FLIDOSID = B.VAL1','INSERT INTO COTDL.TBL_PIIKEYMAP(KEYMAP_ID, DB, KEY_NAME, BASEDATE, CUSTID, VAL1, EXPECTED_ARC_DEL_DATE) SELECT ''#KEYMAP_ID'',''DAON'',''KEY_FACID'', TO_DATE(''#BASEDATE'',''yyyy/mm/dd''), B.CUSTID, A.FACID , EXPECTED_ARC_DEL_DATE FROM COOWNSER.FACLIGNE A, COTDL.TBL_PIIKEYMAP B WHERE  B.KEY_NAME = ''KEY_DOSID'' AND B.KEYMAP_ID = ''#KEYMAP_ID'' AND B.BASEDATE = TO_DATE(''#BASEDATE'',''yyyy/mm/dd'') AND A.FLIDOSID = B.VAL1','#KEYMAP_ID','KEY_FACID','FACID','B.KEY_NAME = ''KEY_FACID'' AND B.KEYMAP_ID = ''#KEYMAP_ID'' AND B.BASEDATE = TO_DATE(''#BASEDATE'',''yyyy/mm/dd'') AND A.#WHERECOL1 = B.VAL1','AUTO','2026-04-25 12:26:46','2026-04-25 12:26:46','admin','admin',NULL,NULL,NULL,NULL,NULL,NULL,NULL),
	 ('TESTDATA_AUTO_GEN','1','GEN_KEYMAP','DAON','COOWNSER','COLLECTIONCASE',NULL,NULL,'KEYMAP',NULL,NULL,NULL,NULL,10,900,1,NULL,'채권번호','DOSID','KEY_DOSID',4,NULL,'SELECT ''#KEYMAP_ID'',''DAON'',''KEY_CCAID'', TO_DATE(''#BASEDATE'',''yyyy/mm/dd''), B.CUSTID, A.CCAID , EXPECTED_ARC_DEL_DATE FROM COOWNSER.COLLECTIONCASE A, COTDL.TBL_PIIKEYMAP B WHERE  B.KEY_NAME = ''KEY_DOSID'' AND B.KEYMAP_ID = ''#KEYMAP_ID'' AND B.BASEDATE = TO_DATE(''#BASEDATE'',''yyyy/mm/dd'') AND A.DOSID = B.VAL1','INSERT INTO COTDL.TBL_PIIKEYMAP(KEYMAP_ID, DB, KEY_NAME, BASEDATE, CUSTID, VAL1, EXPECTED_ARC_DEL_DATE) SELECT ''#KEYMAP_ID'',''DAON'',''KEY_CCAID'', TO_DATE(''#BASEDATE'',''yyyy/mm/dd''), B.CUSTID, A.CCAID , EXPECTED_ARC_DEL_DATE FROM COOWNSER.COLLECTIONCASE A, COTDL.TBL_PIIKEYMAP B WHERE  B.KEY_NAME = ''KEY_DOSID'' AND B.KEYMAP_ID = ''#KEYMAP_ID'' AND B.BASEDATE = TO_DATE(''#BASEDATE'',''yyyy/mm/dd'') AND A.DOSID = B.VAL1','#KEYMAP_ID','KEY_CCAID','CCAID','B.KEY_NAME = ''KEY_CCAID'' AND B.KEYMAP_ID = ''#KEYMAP_ID'' AND B.BASEDATE = TO_DATE(''#BASEDATE'',''yyyy/mm/dd'') AND A.#WHERECOL1 = B.VAL1','AUTO','2026-04-25 12:26:46','2026-04-25 12:26:46','admin','admin',NULL,NULL,NULL,NULL,NULL,NULL,NULL),
	 ('TESTDATA_AUTO_GEN','1','GEN_KEYMAP','DAON','COOWNSER','DEPLIGNE',NULL,NULL,'KEYMAP',NULL,NULL,NULL,NULL,10,1000,1,NULL,'입금번호','DOSID','KEY_DOSID',4,NULL,'SELECT ''#KEYMAP_ID'',''DAON'',''KEY_DEPID'', TO_DATE(''#BASEDATE'',''yyyy/mm/dd''), B.CUSTID, A.DEPID , EXPECTED_ARC_DEL_DATE FROM COOWNSER.DEPLIGNE A, COTDL.TBL_PIIKEYMAP B WHERE  B.KEY_NAME = ''KEY_DOSID'' AND B.KEYMAP_ID = ''#KEYMAP_ID'' AND B.BASEDATE = TO_DATE(''#BASEDATE'',''yyyy/mm/dd'') AND A.DOSID = B.VAL1','INSERT INTO COTDL.TBL_PIIKEYMAP(KEYMAP_ID, DB, KEY_NAME, BASEDATE, CUSTID, VAL1, EXPECTED_ARC_DEL_DATE) SELECT ''#KEYMAP_ID'',''DAON'',''KEY_DEPID'', TO_DATE(''#BASEDATE'',''yyyy/mm/dd''), B.CUSTID, A.DEPID , EXPECTED_ARC_DEL_DATE FROM COOWNSER.DEPLIGNE A, COTDL.TBL_PIIKEYMAP B WHERE  B.KEY_NAME = ''KEY_DOSID'' AND B.KEYMAP_ID = ''#KEYMAP_ID'' AND B.BASEDATE = TO_DATE(''#BASEDATE'',''yyyy/mm/dd'') AND A.DOSID = B.VAL1','#KEYMAP_ID','KEY_DEPID','DEPID','B.KEY_NAME = ''KEY_DEPID'' AND B.KEYMAP_ID = ''#KEYMAP_ID'' AND B.BASEDATE = TO_DATE(''#BASEDATE'',''yyyy/mm/dd'') AND A.#WHERECOL1 = B.VAL1','AUTO','2026-04-25 12:26:46','2026-04-25 12:26:46','admin','admin',NULL,NULL,NULL,NULL,NULL,NULL,NULL),
	 ('TESTDATA_AUTO_GEN','1','GEN_KEYMAP','DAON','COOWNSER','COLOBJECT',NULL,NULL,'KEYMAP',NULL,NULL,NULL,NULL,10,1100,1,NULL,'담보번호','DOSIDPROSPECT','KEY_DOSID',4,NULL,'SELECT ''#KEYMAP_ID'',''DAON'',''KEY_COLID'', TO_DATE(''#BASEDATE'',''yyyy/mm/dd''), B.CUSTID, A.COLID , EXPECTED_ARC_DEL_DATE FROM COOWNSER.COLOBJECT A, COTDL.TBL_PIIKEYMAP B WHERE  B.KEY_NAME = ''KEY_DOSID'' AND B.KEYMAP_ID = ''#KEYMAP_ID'' AND B.BASEDATE = TO_DATE(''#BASEDATE'',''yyyy/mm/dd'') AND A.DOSIDPROSPECT = B.VAL1','INSERT INTO COTDL.TBL_PIIKEYMAP(KEYMAP_ID, DB, KEY_NAME, BASEDATE, CUSTID, VAL1, EXPECTED_ARC_DEL_DATE) SELECT ''#KEYMAP_ID'',''DAON'',''KEY_COLID'', TO_DATE(''#BASEDATE'',''yyyy/mm/dd''), B.CUSTID, A.COLID , EXPECTED_ARC_DEL_DATE FROM COOWNSER.COLOBJECT A, COTDL.TBL_PIIKEYMAP B WHERE  B.KEY_NAME = ''KEY_DOSID'' AND B.KEYMAP_ID = ''#KEYMAP_ID'' AND B.BASEDATE = TO_DATE(''#BASEDATE'',''yyyy/mm/dd'') AND A.DOSIDPROSPECT = B.VAL1','#KEYMAP_ID','KEY_COLID','COLID','B.KEY_NAME = ''KEY_COLID'' AND B.KEYMAP_ID = ''#KEYMAP_ID'' AND B.BASEDATE = TO_DATE(''#BASEDATE'',''yyyy/mm/dd'') AND A.#WHERECOL1 = B.VAL1','AUTO','2026-04-25 12:26:46','2026-04-25 12:26:46','admin','admin',NULL,NULL,NULL,NULL,NULL,NULL,NULL),
	 ('TESTDATA_AUTO_GEN','1','GEN_KEYMAP','DAON','COOWNSER','CARD',NULL,NULL,'KEYMAP',NULL,NULL,NULL,NULL,10,1200,1,NULL,'카드번호','DOSID','KEY_DOSID',4,NULL,'SELECT ''#KEYMAP_ID'',''DAON'',''KEY_CARID'', TO_DATE(''#BASEDATE'',''yyyy/mm/dd''), B.CUSTID, A.CARID , EXPECTED_ARC_DEL_DATE FROM COOWNSER.CARD A, COTDL.TBL_PIIKEYMAP B WHERE  B.KEY_NAME = ''KEY_DOSID'' AND B.KEYMAP_ID = ''#KEYMAP_ID'' AND B.BASEDATE = TO_DATE(''#BASEDATE'',''yyyy/mm/dd'') AND A.DOSID = B.VAL1','INSERT INTO COTDL.TBL_PIIKEYMAP(KEYMAP_ID, DB, KEY_NAME, BASEDATE, CUSTID, VAL1, EXPECTED_ARC_DEL_DATE) SELECT ''#KEYMAP_ID'',''DAON'',''KEY_CARID'', TO_DATE(''#BASEDATE'',''yyyy/mm/dd''), B.CUSTID, A.CARID , EXPECTED_ARC_DEL_DATE FROM COOWNSER.CARD A, COTDL.TBL_PIIKEYMAP B WHERE  B.KEY_NAME = ''KEY_DOSID'' AND B.KEYMAP_ID = ''#KEYMAP_ID'' AND B.BASEDATE = TO_DATE(''#BASEDATE'',''yyyy/mm/dd'') AND A.DOSID = B.VAL1','#KEYMAP_ID','KEY_CARID','CARID','B.KEY_NAME = ''KEY_CARID'' AND B.KEYMAP_ID = ''#KEYMAP_ID'' AND B.BASEDATE = TO_DATE(''#BASEDATE'',''yyyy/mm/dd'') AND A.#WHERECOL1 = B.VAL1','AUTO','2026-04-25 12:26:46','2026-04-25 12:26:46','admin','admin',NULL,NULL,NULL,NULL,NULL,NULL,NULL),
	 ('TESTDATA_AUTO_GEN','1','GEN_KEYMAP','DAON','COOWNSER','ACTADRESSE',NULL,NULL,'KEYMAP',NULL,NULL,NULL,NULL,10,1300,1,NULL,'주소번호','ACTID','KEY_ACTID',4,NULL,'SELECT ''#KEYMAP_ID'',''DAON'',''KEY_ADRID'', TO_DATE(''#BASEDATE'',''yyyy/mm/dd''), B.CUSTID, A.ADRID , EXPECTED_ARC_DEL_DATE FROM COOWNSER.ACTADRESSE A, COTDL.TBL_PIIKEYMAP B WHERE  B.KEY_NAME = ''KEY_ACTID'' AND B.KEYMAP_ID = ''#KEYMAP_ID'' AND B.BASEDATE = TO_DATE(''#BASEDATE'',''yyyy/mm/dd'') AND A.ACTID = B.VAL1','INSERT INTO COTDL.TBL_PIIKEYMAP(KEYMAP_ID, DB, KEY_NAME, BASEDATE, CUSTID, VAL1, EXPECTED_ARC_DEL_DATE) SELECT ''#KEYMAP_ID'',''DAON'',''KEY_ADRID'', TO_DATE(''#BASEDATE'',''yyyy/mm/dd''), B.CUSTID, A.ADRID , EXPECTED_ARC_DEL_DATE FROM COOWNSER.ACTADRESSE A, COTDL.TBL_PIIKEYMAP B WHERE  B.KEY_NAME = ''KEY_ACTID'' AND B.KEYMAP_ID = ''#KEYMAP_ID'' AND B.BASEDATE = TO_DATE(''#BASEDATE'',''yyyy/mm/dd'') AND A.ACTID = B.VAL1','#KEYMAP_ID','KEY_ADRID','ADRID','B.KEY_NAME = ''KEY_ADRID'' AND B.KEYMAP_ID = ''#KEYMAP_ID'' AND B.BASEDATE = TO_DATE(''#BASEDATE'',''yyyy/mm/dd'') AND A.#WHERECOL1 = B.VAL1','AUTO','2026-04-25 12:26:46','2026-04-25 12:26:46','admin','admin',NULL,NULL,NULL,NULL,NULL,NULL,NULL),
	 ('TESTDATA_AUTO_GEN','1','GEN_KEYMAP','DAON','COOWNSER','SINDOSBIMITRRUB',NULL,NULL,'KEYMAP',NULL,NULL,NULL,NULL,10,1400,1,NULL,'SIN번호','DOSID','KEY_DOSID',4,NULL,'SELECT ''#KEYMAP_ID'',''DAON'',''KEY_SINID'', TO_DATE(''#BASEDATE'',''yyyy/mm/dd''), B.CUSTID, A.SINID , EXPECTED_ARC_DEL_DATE FROM COOWNSER.SINDOSBIMITRRUB A, COTDL.TBL_PIIKEYMAP B WHERE  B.KEY_NAME = ''KEY_DOSID'' AND B.KEYMAP_ID = ''#KEYMAP_ID'' AND B.BASEDATE = TO_DATE(''#BASEDATE'',''yyyy/mm/dd'') AND A.DOSID = B.VAL1','INSERT INTO COTDL.TBL_PIIKEYMAP(KEYMAP_ID, DB, KEY_NAME, BASEDATE, CUSTID, VAL1, EXPECTED_ARC_DEL_DATE) SELECT ''#KEYMAP_ID'',''DAON'',''KEY_SINID'', TO_DATE(''#BASEDATE'',''yyyy/mm/dd''), B.CUSTID, A.SINID , EXPECTED_ARC_DEL_DATE FROM COOWNSER.SINDOSBIMITRRUB A, COTDL.TBL_PIIKEYMAP B WHERE  B.KEY_NAME = ''KEY_DOSID'' AND B.KEYMAP_ID = ''#KEYMAP_ID'' AND B.BASEDATE = TO_DATE(''#BASEDATE'',''yyyy/mm/dd'') AND A.DOSID = B.VAL1','#KEYMAP_ID','KEY_SINID','SINID','B.KEY_NAME = ''KEY_SINID'' AND B.KEYMAP_ID = ''#KEYMAP_ID'' AND B.BASEDATE = TO_DATE(''#BASEDATE'',''yyyy/mm/dd'') AND A.#WHERECOL1 = B.VAL1','AUTO','2026-04-25 12:26:46','2026-04-25 12:26:46','admin','admin',NULL,NULL,NULL,NULL,NULL,NULL,NULL),
	 ('TESTDATA_AUTO_GEN','1','GEN_KEYMAP','DAON','COOWNSER','DOSACTTELVIRTUAL',NULL,NULL,'KEYMAP',NULL,NULL,NULL,NULL,10,1500,1,NULL,'TPV번호','DOSID','KEY_DOSID',4,NULL,'SELECT ''#KEYMAP_ID'',''DAON'',''KEY_TPVID'', TO_DATE(''#BASEDATE'',''yyyy/mm/dd''), B.CUSTID, A.TPVID , EXPECTED_ARC_DEL_DATE FROM COOWNSER.DOSACTTELVIRTUAL A, COTDL.TBL_PIIKEYMAP B WHERE  B.KEY_NAME = ''KEY_DOSID'' AND B.KEYMAP_ID = ''#KEYMAP_ID'' AND B.BASEDATE = TO_DATE(''#BASEDATE'',''yyyy/mm/dd'') AND A.DOSID = B.VAL1','INSERT INTO COTDL.TBL_PIIKEYMAP(KEYMAP_ID, DB, KEY_NAME, BASEDATE, CUSTID, VAL1, EXPECTED_ARC_DEL_DATE) SELECT ''#KEYMAP_ID'',''DAON'',''KEY_TPVID'', TO_DATE(''#BASEDATE'',''yyyy/mm/dd''), B.CUSTID, A.TPVID , EXPECTED_ARC_DEL_DATE FROM COOWNSER.DOSACTTELVIRTUAL A, COTDL.TBL_PIIKEYMAP B WHERE  B.KEY_NAME = ''KEY_DOSID'' AND B.KEYMAP_ID = ''#KEYMAP_ID'' AND B.BASEDATE = TO_DATE(''#BASEDATE'',''yyyy/mm/dd'') AND A.DOSID = B.VAL1','#KEYMAP_ID','KEY_TPVID','TPVID','B.KEY_NAME = ''KEY_TPVID'' AND B.KEYMAP_ID = ''#KEYMAP_ID'' AND B.BASEDATE = TO_DATE(''#BASEDATE'',''yyyy/mm/dd'') AND A.#WHERECOL1 = B.VAL1','AUTO','2026-04-25 12:26:46','2026-04-25 12:26:46','admin','admin',NULL,NULL,NULL,NULL,NULL,NULL,NULL),
	 ('TESTDATA_AUTO_GEN','1','GEN_KEYMAP','DAON','COOWNSER','CCHVALUE',NULL,NULL,'KEYMAP',NULL,NULL,NULL,NULL,10,1600,100,NULL,'CVA번호','DOSID','KEY_DOSID',4,NULL,'SELECT ''#KEYMAP_ID'',''DAON'',''KEY_CVAID'', TO_DATE(''#BASEDATE'',''yyyy/mm/dd''), B.CUSTID, A.CVAID , EXPECTED_ARC_DEL_DATE FROM COOWNSER.CCHVALUE A, COTDL.TBL_PIIKEYMAP B WHERE  B.KEY_NAME = ''KEY_DOSID'' AND B.KEYMAP_ID = ''#KEYMAP_ID'' AND B.BASEDATE = TO_DATE(''#BASEDATE'',''yyyy/mm/dd'') AND A.DOSID = B.VAL1','INSERT INTO COTDL.TBL_PIIKEYMAP_TMP(KEYMAP_ID, DB, KEY_NAME, BASEDATE, CUSTID, VAL1, EXPECTED_ARC_DEL_DATE) SELECT ''#KEYMAP_ID'',''DAON'',''KEY_CVAID'', TO_DATE(''#BASEDATE'',''yyyy/mm/dd''), B.CUSTID, A.CVAID , EXPECTED_ARC_DEL_DATE FROM COOWNSER.CCHVALUE A, COTDL.TBL_PIIKEYMAP B WHERE  B.KEY_NAME = ''KEY_DOSID'' AND B.KEYMAP_ID = ''#KEYMAP_ID'' AND B.BASEDATE = TO_DATE(''#BASEDATE'',''yyyy/mm/dd'') AND A.DOSID = B.VAL1','#KEYMAP_ID','KEY_CVAID','CVAID','B.KEY_NAME = ''KEY_CVAID'' AND B.KEYMAP_ID = ''#KEYMAP_ID'' AND B.BASEDATE = TO_DATE(''#BASEDATE'',''yyyy/mm/dd'') AND A.#WHERECOL1 = B.VAL1','AUTO','2026-04-25 12:26:46','2026-04-25 12:26:46','admin','admin',NULL,NULL,NULL,NULL,NULL,NULL,NULL);
INSERT INTO COTDL.TBL_PIISTEPTABLE (JOBID,VERSION,STEPID,DB,OWNER,TABLE_NAME,PAGITYPE,PAGITYPEDETAIL,EXETYPE,ARCHIVEFLAG,STATUS,`PRECEDING`,SUCCEDDING,SEQ1,SEQ2,SEQ3,PIPELINE,PK_COL,WHERE_COL,WHERE_KEY_NAME,PARALLELCNT,COMMITCNT,WHERESTR,SQLSTR,KEYMAP_ID,KEY_NAME,KEY_COLS,KEY_REFSTR,SQLTYPE,REGDATE,UPDDATE,REGUSERID,UPDUSERID,HINTSELECT,HINTINSERT,UVAL1,UVAL2,UVAL3,UVAL4,UVAL5) VALUES
	 ('TESTDATA_AUTO_GEN','1','GEN_KEYMAP','DAON','COOWNSER','CCHVALUE',NULL,NULL,'KEYMAP',NULL,NULL,NULL,NULL,10,1600,110,NULL,'CVA번호','DOSIDPROSPECT','KEY_DOSID',4,NULL,'SELECT ''#KEYMAP_ID'',''DAON'',''KEY_CVAID'', TO_DATE(''#BASEDATE'',''yyyy/mm/dd''), B.CUSTID, A.CVAID , EXPECTED_ARC_DEL_DATE FROM COOWNSER.CCHVALUE A, COTDL.TBL_PIIKEYMAP B WHERE  B.KEY_NAME = ''KEY_DOSID'' AND B.KEYMAP_ID = ''#KEYMAP_ID'' AND B.BASEDATE = TO_DATE(''#BASEDATE'',''yyyy/mm/dd'') AND A.DOSIDPROSPECT = B.VAL1','INSERT INTO COTDL.TBL_PIIKEYMAP_TMP(KEYMAP_ID, DB, KEY_NAME, BASEDATE, CUSTID, VAL1, EXPECTED_ARC_DEL_DATE) SELECT ''#KEYMAP_ID'',''DAON'',''KEY_CVAID'', TO_DATE(''#BASEDATE'',''yyyy/mm/dd''), B.CUSTID, A.CVAID , EXPECTED_ARC_DEL_DATE FROM COOWNSER.CCHVALUE A, COTDL.TBL_PIIKEYMAP B WHERE  B.KEY_NAME = ''KEY_DOSID'' AND B.KEYMAP_ID = ''#KEYMAP_ID'' AND B.BASEDATE = TO_DATE(''#BASEDATE'',''yyyy/mm/dd'') AND A.DOSIDPROSPECT = B.VAL1','#KEYMAP_ID','KEY_CVAID','CVAID','B.KEY_NAME = ''KEY_CVAID'' AND B.KEYMAP_ID = ''#KEYMAP_ID'' AND B.BASEDATE = TO_DATE(''#BASEDATE'',''yyyy/mm/dd'') AND A.#WHERECOL1 = B.VAL1','AUTO','2026-04-25 12:26:46','2026-04-25 12:26:46','admin','admin',NULL,NULL,NULL,NULL,NULL,NULL,NULL),
	 ('TESTDATA_AUTO_GEN','1','GEN_KEYMAP','DAON','COOWNSER','CCHVALUE',NULL,NULL,'KEYMAP',NULL,NULL,NULL,NULL,10,1600,120,NULL,'CVA번호','ACTID','KEY_ACTID',4,NULL,'SELECT ''#KEYMAP_ID'',''DAON'',''KEY_CVAID'', TO_DATE(''#BASEDATE'',''yyyy/mm/dd''), B.CUSTID, A.CVAID , EXPECTED_ARC_DEL_DATE FROM COOWNSER.CCHVALUE A, COTDL.TBL_PIIKEYMAP B WHERE  B.KEY_NAME = ''KEY_ACTID'' AND B.KEYMAP_ID = ''#KEYMAP_ID'' AND B.BASEDATE = TO_DATE(''#BASEDATE'',''yyyy/mm/dd'') AND A.ACTID = B.VAL1','INSERT INTO COTDL.TBL_PIIKEYMAP_TMP(KEYMAP_ID, DB, KEY_NAME, BASEDATE, CUSTID, VAL1, EXPECTED_ARC_DEL_DATE) SELECT ''#KEYMAP_ID'',''DAON'',''KEY_CVAID'', TO_DATE(''#BASEDATE'',''yyyy/mm/dd''), B.CUSTID, A.CVAID , EXPECTED_ARC_DEL_DATE FROM COOWNSER.CCHVALUE A, COTDL.TBL_PIIKEYMAP B WHERE  B.KEY_NAME = ''KEY_ACTID'' AND B.KEYMAP_ID = ''#KEYMAP_ID'' AND B.BASEDATE = TO_DATE(''#BASEDATE'',''yyyy/mm/dd'') AND A.ACTID = B.VAL1','#KEYMAP_ID','KEY_CVAID','CVAID','B.KEY_NAME = ''KEY_CVAID'' AND B.KEYMAP_ID = ''#KEYMAP_ID'' AND B.BASEDATE = TO_DATE(''#BASEDATE'',''yyyy/mm/dd'') AND A.#WHERECOL1 = B.VAL1','AUTO','2026-04-25 12:26:46','2026-04-25 12:26:46','admin','admin',NULL,NULL,NULL,NULL,NULL,NULL,NULL),
	 ('TESTDATA_AUTO_GEN','1','GEN_KEYMAP','DAON','COTDL','TBL_PIIKEYMAP_TMP',NULL,NULL,'KEYMAP',NULL,NULL,NULL,NULL,10,1600,999,NULL,'CVA번호','','',4,NULL,'SELECT DISTINCT ''#KEYMAP_ID'',''DAON'',''KEY_CVAID'', TO_DATE(''#BASEDATE'',''yyyy/mm/dd''), A.CUSTID, A.VAL1 , EXPECTED_ARC_DEL_DATE FROM COTDL.TBL_PIIKEYMAP_TMP A WHERE DB = ''DAON'' AND KEY_NAME = ''KEY_CVAID'' AND KEYMAP_ID = ''#KEYMAP_ID'' AND BASEDATE =TO_DATE(''#BASEDATE'',''yyyy/mm/dd'')','INSERT INTO COTDL.TBL_PIIKEYMAP(KEYMAP_ID, DB, KEY_NAME, BASEDATE, CUSTID, VAL1, EXPECTED_ARC_DEL_DATE) SELECT DISTINCT ''#KEYMAP_ID'',''DAON'',''KEY_CVAID'', TO_DATE(''#BASEDATE'',''yyyy/mm/dd''), A.CUSTID, A.VAL1 , EXPECTED_ARC_DEL_DATE FROM COTDL.TBL_PIIKEYMAP_TMP A WHERE DB = ''DAON'' AND KEY_NAME = ''KEY_CVAID'' AND KEYMAP_ID = ''#KEYMAP_ID'' AND BASEDATE =TO_DATE(''#BASEDATE'',''yyyy/mm/dd'')','#KEYMAP_ID','KEY_CVAID','CVAID','B.KEY_NAME = ''KEY_CVAID'' AND B.KEYMAP_ID = ''#KEYMAP_ID'' AND B.BASEDATE = TO_DATE(''#BASEDATE'',''yyyy/mm/dd'') AND A.#WHERECOL1 = B.VAL1','AUTO','2026-04-25 12:26:46','2026-04-25 12:26:46','admin','admin',NULL,NULL,NULL,NULL,NULL,NULL,NULL),
	 ('TESTDATA_AUTO_GEN','1','GEN_KEYMAP','DAON','COOWNSER','DOCUMENTMANAGEMENT',NULL,NULL,'KEYMAP',NULL,NULL,NULL,NULL,10,1700,100,NULL,'문서번호','DOSID','KEY_DOSID',4,NULL,'SELECT ''#KEYMAP_ID'',''DAON'',''KEY_DMAID'', TO_DATE(''#BASEDATE'',''yyyy/mm/dd''), B.CUSTID, A.DMAID , EXPECTED_ARC_DEL_DATE FROM COOWNSER.DOCUMENTMANAGEMENT A, COTDL.TBL_PIIKEYMAP B WHERE  B.KEY_NAME = ''KEY_DOSID'' AND B.KEYMAP_ID = ''#KEYMAP_ID'' AND B.BASEDATE = TO_DATE(''#BASEDATE'',''yyyy/mm/dd'') AND A.DOSID = B.VAL1','INSERT INTO COTDL.TBL_PIIKEYMAP_TMP(KEYMAP_ID, DB, KEY_NAME, BASEDATE, CUSTID, VAL1, EXPECTED_ARC_DEL_DATE) SELECT ''#KEYMAP_ID'',''DAON'',''KEY_DMAID'', TO_DATE(''#BASEDATE'',''yyyy/mm/dd''), B.CUSTID, A.DMAID , EXPECTED_ARC_DEL_DATE FROM COOWNSER.DOCUMENTMANAGEMENT A, COTDL.TBL_PIIKEYMAP B WHERE  B.KEY_NAME = ''KEY_DOSID'' AND B.KEYMAP_ID = ''#KEYMAP_ID'' AND B.BASEDATE = TO_DATE(''#BASEDATE'',''yyyy/mm/dd'') AND A.DOSID = B.VAL1','#KEYMAP_ID','KEY_DMAID','DMAID','B.KEY_NAME = ''KEY_DMAID'' AND B.KEYMAP_ID = ''#KEYMAP_ID'' AND B.BASEDATE = TO_DATE(''#BASEDATE'',''yyyy/mm/dd'') AND A.#WHERECOL1 = B.VAL1','AUTO','2026-04-25 12:26:46','2026-04-25 12:26:46','admin','admin',NULL,NULL,NULL,NULL,NULL,NULL,NULL),
	 ('TESTDATA_AUTO_GEN','1','GEN_KEYMAP','DAON','COOWNSER','DOCUMENTMANAGEMENT',NULL,NULL,'KEYMAP',NULL,NULL,NULL,NULL,10,1700,110,NULL,'문서번호','ACTID','KEY_ACTID',4,NULL,'SELECT ''#KEYMAP_ID'',''DAON'',''KEY_DMAID'', TO_DATE(''#BASEDATE'',''yyyy/mm/dd''), B.CUSTID, A.DMAID , EXPECTED_ARC_DEL_DATE FROM COOWNSER.DOCUMENTMANAGEMENT A, COTDL.TBL_PIIKEYMAP B WHERE  B.KEY_NAME = ''KEY_ACTID'' AND B.KEYMAP_ID = ''#KEYMAP_ID'' AND B.BASEDATE = TO_DATE(''#BASEDATE'',''yyyy/mm/dd'') AND A.ACTID = B.VAL1','INSERT INTO COTDL.TBL_PIIKEYMAP_TMP(KEYMAP_ID, DB, KEY_NAME, BASEDATE, CUSTID, VAL1, EXPECTED_ARC_DEL_DATE) SELECT ''#KEYMAP_ID'',''DAON'',''KEY_DMAID'', TO_DATE(''#BASEDATE'',''yyyy/mm/dd''), B.CUSTID, A.DMAID , EXPECTED_ARC_DEL_DATE FROM COOWNSER.DOCUMENTMANAGEMENT A, COTDL.TBL_PIIKEYMAP B WHERE  B.KEY_NAME = ''KEY_ACTID'' AND B.KEYMAP_ID = ''#KEYMAP_ID'' AND B.BASEDATE = TO_DATE(''#BASEDATE'',''yyyy/mm/dd'') AND A.ACTID = B.VAL1','#KEYMAP_ID','KEY_DMAID','DMAID','B.KEY_NAME = ''KEY_DMAID'' AND B.KEYMAP_ID = ''#KEYMAP_ID'' AND B.BASEDATE = TO_DATE(''#BASEDATE'',''yyyy/mm/dd'') AND A.#WHERECOL1 = B.VAL1','AUTO','2026-04-25 12:26:46','2026-04-25 12:26:46','admin','admin',NULL,NULL,NULL,NULL,NULL,NULL,NULL),
	 ('TESTDATA_AUTO_GEN','1','GEN_KEYMAP','DAON','COTDL','TBL_PIIKEYMAP_TMP',NULL,NULL,'KEYMAP',NULL,NULL,NULL,NULL,10,1700,999,NULL,'문서번호','','',4,NULL,'SELECT DISTINCT ''#KEYMAP_ID'',''DAON'',''KEY_DMAID'', TO_DATE(''#BASEDATE'',''yyyy/mm/dd''), A.CUSTID, A.VAL1 , EXPECTED_ARC_DEL_DATE FROM COTDL.TBL_PIIKEYMAP_TMP A WHERE DB = ''DAON'' AND KEY_NAME = ''KEY_DMAID'' AND KEYMAP_ID = ''#KEYMAP_ID'' AND BASEDATE =TO_DATE(''#BASEDATE'',''yyyy/mm/dd'')','INSERT INTO COTDL.TBL_PIIKEYMAP(KEYMAP_ID, DB, KEY_NAME, BASEDATE, CUSTID, VAL1, EXPECTED_ARC_DEL_DATE) SELECT DISTINCT ''#KEYMAP_ID'',''DAON'',''KEY_DMAID'', TO_DATE(''#BASEDATE'',''yyyy/mm/dd''), A.CUSTID, A.VAL1 , EXPECTED_ARC_DEL_DATE FROM COTDL.TBL_PIIKEYMAP_TMP A WHERE DB = ''DAON'' AND KEY_NAME = ''KEY_DMAID'' AND KEYMAP_ID = ''#KEYMAP_ID'' AND BASEDATE =TO_DATE(''#BASEDATE'',''yyyy/mm/dd'')','#KEYMAP_ID','KEY_DMAID','DMAID','B.KEY_NAME = ''KEY_DMAID'' AND B.KEYMAP_ID = ''#KEYMAP_ID'' AND B.BASEDATE = TO_DATE(''#BASEDATE'',''yyyy/mm/dd'') AND A.#WHERECOL1 = B.VAL1','AUTO','2026-04-25 12:26:46','2026-04-25 12:26:46','admin','admin',NULL,NULL,NULL,NULL,NULL,NULL,NULL),
	 ('TESTDATA_AUTO_GEN','1','GEN_KEYMAP','DAON','COOWNSER','ANALYSIS',NULL,NULL,'KEYMAP','','',NULL,NULL,10,1800,100,NULL,'심사번호','DOSID','KEY_DOSID',NULL,NULL,'SELECT ''#KEYMAP_ID'',''DAON'',''KEY_ANAID'', TO_DATE(''#BASEDATE'',''yyyy/mm/dd''), B.CUSTID, A.ANAID , EXPECTED_ARC_DEL_DATE FROM COOWNSER.ANALYSIS A, COTDL.TBL_PIIKEYMAP B WHERE  B.KEY_NAME = ''KEY_DOSID'' AND B.KEYMAP_ID = ''#KEYMAP_ID'' AND B.BASEDATE = TO_DATE(''#BASEDATE'',''yyyy/mm/dd'') AND A.DOSID = B.VAL1','INSERT INTO COTDL.TBL_PIIKEYMAP_TMP(KEYMAP_ID, DB, KEY_NAME, BASEDATE, CUSTID, VAL1, EXPECTED_ARC_DEL_DATE) SELECT ''#KEYMAP_ID'',''DAON'',''KEY_ANAID'', TO_DATE(''#BASEDATE'',''yyyy/mm/dd''), B.CUSTID, A.ANAID , EXPECTED_ARC_DEL_DATE FROM COOWNSER.ANALYSIS A, COTDL.TBL_PIIKEYMAP B WHERE  B.KEY_NAME = ''KEY_DOSID'' AND B.KEYMAP_ID = ''#KEYMAP_ID'' AND B.BASEDATE = TO_DATE(''#BASEDATE'',''yyyy/mm/dd'') AND A.DOSID = B.VAL1','#KEYMAP_ID','KEY_ANAID','ANAID','B.KEY_NAME = ''KEY_ANAID'' AND B.KEYMAP_ID = ''#KEYMAP_ID'' AND B.BASEDATE = TO_DATE(''#BASEDATE'',''yyyy/mm/dd'') AND A.#WHERECOL1 = B.VAL1','AUTO','2026-04-25 12:26:46','2026-04-25 12:26:46','admin','admin',NULL,NULL,NULL,NULL,NULL,NULL,NULL),
	 ('TESTDATA_AUTO_GEN','1','GEN_KEYMAP','DAON','COTDL','TBL_PIIKEYMAP_TMP',NULL,NULL,'KEYMAP',NULL,NULL,NULL,NULL,10,1800,999,NULL,'심사번호','','',4,NULL,'SELECT DISTINCT ''#KEYMAP_ID'',''DAON'',''KEY_ANAID'', TO_DATE(''#BASEDATE'',''yyyy/mm/dd''), A.CUSTID, A.VAL1 , EXPECTED_ARC_DEL_DATE FROM COTDL.TBL_PIIKEYMAP_TMP A WHERE DB = ''DAON'' AND KEY_NAME = ''KEY_ANAID'' AND KEYMAP_ID = ''#KEYMAP_ID'' AND BASEDATE =TO_DATE(''#BASEDATE'',''yyyy/mm/dd'')','INSERT INTO COTDL.TBL_PIIKEYMAP(KEYMAP_ID, DB, KEY_NAME, BASEDATE, CUSTID, VAL1, EXPECTED_ARC_DEL_DATE) SELECT DISTINCT ''#KEYMAP_ID'',''DAON'',''KEY_ANAID'', TO_DATE(''#BASEDATE'',''yyyy/mm/dd''), A.CUSTID, A.VAL1 , EXPECTED_ARC_DEL_DATE FROM COTDL.TBL_PIIKEYMAP_TMP A WHERE DB = ''DAON'' AND KEY_NAME = ''KEY_ANAID'' AND KEYMAP_ID = ''#KEYMAP_ID'' AND BASEDATE =TO_DATE(''#BASEDATE'',''yyyy/mm/dd'')','#KEYMAP_ID','KEY_ANAID','ANAID','B.KEY_NAME = ''KEY_ANAID'' AND B.KEYMAP_ID = ''#KEYMAP_ID'' AND B.BASEDATE = TO_DATE(''#BASEDATE'',''yyyy/mm/dd'') AND A.#WHERECOL1 = B.VAL1','AUTO','2026-04-25 12:26:46','2026-04-25 12:26:46','admin','admin',NULL,NULL,NULL,NULL,NULL,NULL,NULL),
	 ('TESTDATA_AUTO_GEN','1','GEN_KEYMAP','DAON','COOWNSER','CHARGEOFF',NULL,NULL,'KEYMAP',NULL,NULL,NULL,NULL,10,1900,1,NULL,'재무번호','DOSID','KEY_DOSID',4,NULL,'SELECT ''#KEYMAP_ID'',''DAON'',''KEY_COFID'', TO_DATE(''#BASEDATE'',''yyyy/mm/dd''), B.CUSTID, A.COFID , EXPECTED_ARC_DEL_DATE FROM COOWNSER.CHARGEOFF A, COTDL.TBL_PIIKEYMAP B WHERE  B.KEY_NAME = ''KEY_DOSID'' AND B.KEYMAP_ID = ''#KEYMAP_ID'' AND B.BASEDATE = TO_DATE(''#BASEDATE'',''yyyy/mm/dd'') AND A.DOSID = B.VAL1','INSERT INTO COTDL.TBL_PIIKEYMAP(KEYMAP_ID, DB, KEY_NAME, BASEDATE, CUSTID, VAL1, EXPECTED_ARC_DEL_DATE) SELECT ''#KEYMAP_ID'',''DAON'',''KEY_COFID'', TO_DATE(''#BASEDATE'',''yyyy/mm/dd''), B.CUSTID, A.COFID , EXPECTED_ARC_DEL_DATE FROM COOWNSER.CHARGEOFF A, COTDL.TBL_PIIKEYMAP B WHERE  B.KEY_NAME = ''KEY_DOSID'' AND B.KEYMAP_ID = ''#KEYMAP_ID'' AND B.BASEDATE = TO_DATE(''#BASEDATE'',''yyyy/mm/dd'') AND A.DOSID = B.VAL1','#KEYMAP_ID','KEY_COFID','COFID','B.KEY_NAME = ''KEY_COFID'' AND B.KEYMAP_ID = ''#KEYMAP_ID'' AND B.BASEDATE = TO_DATE(''#BASEDATE'',''yyyy/mm/dd'') AND A.#WHERECOL1 = B.VAL1','AUTO','2026-04-25 12:26:46','2026-04-25 12:26:46','admin','admin',NULL,NULL,NULL,NULL,NULL,NULL,NULL),
	 ('TESTDATA_AUTO_GEN','1','GEN_KEYMAP','DAON','COOWNSER','TWORKOUT',NULL,NULL,'KEYMAP',NULL,NULL,NULL,NULL,10,2000,1,NULL,'TWO번호','DOSID','KEY_DOSID',4,NULL,'SELECT ''#KEYMAP_ID'',''DAON'',''KEY_TWOID'', TO_DATE(''#BASEDATE'',''yyyy/mm/dd''), B.CUSTID, A.TWOID , EXPECTED_ARC_DEL_DATE FROM COOWNSER.TWORKOUT A, COTDL.TBL_PIIKEYMAP B WHERE  B.KEY_NAME = ''KEY_DOSID'' AND B.KEYMAP_ID = ''#KEYMAP_ID'' AND B.BASEDATE = TO_DATE(''#BASEDATE'',''yyyy/mm/dd'') AND A.DOSID = B.VAL1','INSERT INTO COTDL.TBL_PIIKEYMAP(KEYMAP_ID, DB, KEY_NAME, BASEDATE, CUSTID, VAL1, EXPECTED_ARC_DEL_DATE) SELECT ''#KEYMAP_ID'',''DAON'',''KEY_TWOID'', TO_DATE(''#BASEDATE'',''yyyy/mm/dd''), B.CUSTID, A.TWOID , EXPECTED_ARC_DEL_DATE FROM COOWNSER.TWORKOUT A, COTDL.TBL_PIIKEYMAP B WHERE  B.KEY_NAME = ''KEY_DOSID'' AND B.KEYMAP_ID = ''#KEYMAP_ID'' AND B.BASEDATE = TO_DATE(''#BASEDATE'',''yyyy/mm/dd'') AND A.DOSID = B.VAL1','#KEYMAP_ID','KEY_TWOID','TWOID','B.KEY_NAME = ''KEY_TWOID'' AND B.KEYMAP_ID = ''#KEYMAP_ID'' AND B.BASEDATE = TO_DATE(''#BASEDATE'',''yyyy/mm/dd'') AND A.#WHERECOL1 = B.VAL1','AUTO','2026-04-25 12:26:46','2026-04-25 12:26:46','admin','admin',NULL,NULL,NULL,NULL,NULL,NULL,NULL);
INSERT INTO COTDL.TBL_PIISTEPTABLE (JOBID,VERSION,STEPID,DB,OWNER,TABLE_NAME,PAGITYPE,PAGITYPEDETAIL,EXETYPE,ARCHIVEFLAG,STATUS,`PRECEDING`,SUCCEDDING,SEQ1,SEQ2,SEQ3,PIPELINE,PK_COL,WHERE_COL,WHERE_KEY_NAME,PARALLELCNT,COMMITCNT,WHERESTR,SQLSTR,KEYMAP_ID,KEY_NAME,KEY_COLS,KEY_REFSTR,SQLTYPE,REGDATE,UPDDATE,REGUSERID,UPDUSERID,HINTSELECT,HINTINSERT,UVAL1,UVAL2,UVAL3,UVAL4,UVAL5) VALUES
	 ('TESTDATA_AUTO_GEN','1','GEN_KEYMAP','DAON','COOWNSER','DOSSIER',NULL,NULL,'KEYMAP',NULL,NULL,NULL,NULL,10,2100,1,NULL,'계약번호','DOSID','KEY_DOSID',4,NULL,'SELECT ''#KEYMAP_ID'',''DAON'',''KEY_DOSNUM'', TO_DATE(''#BASEDATE'',''yyyy/mm/dd''), B.CUSTID, A.DOSNUM , EXPECTED_ARC_DEL_DATE FROM COOWNSER.DOSSIER A, COTDL.TBL_PIIKEYMAP B WHERE  B.KEY_NAME = ''KEY_DOSID'' AND B.KEYMAP_ID = ''#KEYMAP_ID'' AND B.BASEDATE = TO_DATE(''#BASEDATE'',''yyyy/mm/dd'') AND A.DOSID = B.VAL1','INSERT INTO COTDL.TBL_PIIKEYMAP(KEYMAP_ID, DB, KEY_NAME, BASEDATE, CUSTID, VAL1, EXPECTED_ARC_DEL_DATE) SELECT ''#KEYMAP_ID'',''DAON'',''KEY_DOSNUM'', TO_DATE(''#BASEDATE'',''yyyy/mm/dd''), B.CUSTID, A.DOSNUM , EXPECTED_ARC_DEL_DATE FROM COOWNSER.DOSSIER A, COTDL.TBL_PIIKEYMAP B WHERE  B.KEY_NAME = ''KEY_DOSID'' AND B.KEYMAP_ID = ''#KEYMAP_ID'' AND B.BASEDATE = TO_DATE(''#BASEDATE'',''yyyy/mm/dd'') AND A.DOSID = B.VAL1','#KEYMAP_ID','KEY_DOSNUM','DOSNUM','B.KEY_NAME = ''KEY_DOSNUM'' AND B.KEYMAP_ID = ''#KEYMAP_ID'' AND B.BASEDATE = TO_DATE(''#BASEDATE'',''yyyy/mm/dd'') AND A.#WHERECOL1 = B.VAL1','AUTO','2026-04-25 12:26:46','2026-04-25 12:26:46','admin','admin',NULL,NULL,NULL,NULL,NULL,NULL,NULL),
	 ('TESTDATA_AUTO_GEN','1','GEN_KEYMAP','DAON','COOWNSER','ACTEUR',NULL,NULL,'KEYMAP',NULL,NULL,NULL,NULL,10,2200,1,NULL,'고객번호','ACTID','KEY_ACTID',4,NULL,'SELECT ''#KEYMAP_ID'',''DAON'',''KEY_ACTCODE'', TO_DATE(''#BASEDATE'',''yyyy/mm/dd''), B.CUSTID, A.ACTCODE , EXPECTED_ARC_DEL_DATE FROM COOWNSER.ACTEUR A, COTDL.TBL_PIIKEYMAP B WHERE  B.KEY_NAME = ''KEY_ACTID'' AND B.KEYMAP_ID = ''#KEYMAP_ID'' AND B.BASEDATE = TO_DATE(''#BASEDATE'',''yyyy/mm/dd'') AND A.ACTID = B.VAL1','INSERT INTO COTDL.TBL_PIIKEYMAP(KEYMAP_ID, DB, KEY_NAME, BASEDATE, CUSTID, VAL1, EXPECTED_ARC_DEL_DATE) SELECT ''#KEYMAP_ID'',''DAON'',''KEY_ACTCODE'', TO_DATE(''#BASEDATE'',''yyyy/mm/dd''), B.CUSTID, A.ACTCODE , EXPECTED_ARC_DEL_DATE FROM COOWNSER.ACTEUR A, COTDL.TBL_PIIKEYMAP B WHERE  B.KEY_NAME = ''KEY_ACTID'' AND B.KEYMAP_ID = ''#KEYMAP_ID'' AND B.BASEDATE = TO_DATE(''#BASEDATE'',''yyyy/mm/dd'') AND A.ACTID = B.VAL1','#KEYMAP_ID','KEY_ACTCODE','ACTCODE','B.KEY_NAME = ''KEY_ACTCODE'' AND B.KEYMAP_ID = ''#KEYMAP_ID'' AND B.BASEDATE = TO_DATE(''#BASEDATE'',''yyyy/mm/dd'') AND A.#WHERECOL1 = B.VAL1','AUTO','2026-04-25 12:26:46','2026-04-25 12:26:46','admin','admin',NULL,NULL,NULL,NULL,NULL,NULL,NULL),
	 ('TESTDATA_AUTO_GEN','1','GEN_KEYMAP','DAON','COOWNSER','REGIMPUTATION',NULL,NULL,'KEYMAP',NULL,NULL,NULL,NULL,10,2300,100,NULL,'입금상세','DOSID','KEY_DOSID',4,NULL,'SELECT ''#KEYMAP_ID'',''DAON'',''KEY_REGIMPUTATION'', TO_DATE(''#BASEDATE'',''yyyy/mm/dd''), B.CUSTID, A.REGID, A.RIMORDRE , EXPECTED_ARC_DEL_DATE FROM COOWNSER.REGIMPUTATION A, COTDL.TBL_PIIKEYMAP B WHERE  B.KEY_NAME = ''KEY_DOSID'' AND B.KEYMAP_ID = ''#KEYMAP_ID'' AND B.BASEDATE = TO_DATE(''#BASEDATE'',''yyyy/mm/dd'') AND A.DOSID = B.VAL1','INSERT INTO COTDL.TBL_PIIKEYMAP_TMP(KEYMAP_ID, DB, KEY_NAME, BASEDATE, CUSTID, VAL1, VAL2, EXPECTED_ARC_DEL_DATE) SELECT ''#KEYMAP_ID'',''DAON'',''KEY_REGIMPUTATION'', TO_DATE(''#BASEDATE'',''yyyy/mm/dd''), B.CUSTID, A.REGID, A.RIMORDRE , EXPECTED_ARC_DEL_DATE FROM COOWNSER.REGIMPUTATION A, COTDL.TBL_PIIKEYMAP B WHERE  B.KEY_NAME = ''KEY_DOSID'' AND B.KEYMAP_ID = ''#KEYMAP_ID'' AND B.BASEDATE = TO_DATE(''#BASEDATE'',''yyyy/mm/dd'') AND A.DOSID = B.VAL1','#KEYMAP_ID','KEY_REGIMPUTATION','REGID,RIMORDRE','B.KEY_NAME = ''KEY_REGIMPUTATION'' AND B.KEYMAP_ID = ''#KEYMAP_ID'' AND B.BASEDATE = TO_DATE(''#BASEDATE'',''yyyy/mm/dd'') AND A.#WHERECOL1 = B.VAL1 AND A.#WHERECOL2 = B.VAL2','AUTO','2026-04-25 12:26:46','2026-04-25 12:26:46','admin','admin',NULL,NULL,NULL,NULL,NULL,NULL,NULL),
	 ('TESTDATA_AUTO_GEN','1','GEN_KEYMAP','DAON','COOWNSER','REGIMPUTATION',NULL,NULL,'KEYMAP',NULL,NULL,NULL,NULL,10,2300,110,NULL,'입금상세','FACID','KEY_FACID',4,NULL,'SELECT ''#KEYMAP_ID'',''DAON'',''KEY_REGIMPUTATION'', TO_DATE(''#BASEDATE'',''yyyy/mm/dd''), B.CUSTID, A.REGID, A.RIMORDRE , EXPECTED_ARC_DEL_DATE FROM COOWNSER.REGIMPUTATION A, COTDL.TBL_PIIKEYMAP B WHERE  B.KEY_NAME = ''KEY_FACID'' AND B.KEYMAP_ID = ''#KEYMAP_ID'' AND B.BASEDATE = TO_DATE(''#BASEDATE'',''yyyy/mm/dd'') AND A.FACID = B.VAL1','INSERT INTO COTDL.TBL_PIIKEYMAP_TMP(KEYMAP_ID, DB, KEY_NAME, BASEDATE, CUSTID, VAL1, VAL2, EXPECTED_ARC_DEL_DATE) SELECT ''#KEYMAP_ID'',''DAON'',''KEY_REGIMPUTATION'', TO_DATE(''#BASEDATE'',''yyyy/mm/dd''), B.CUSTID, A.REGID, A.RIMORDRE , EXPECTED_ARC_DEL_DATE FROM COOWNSER.REGIMPUTATION A, COTDL.TBL_PIIKEYMAP B WHERE  B.KEY_NAME = ''KEY_FACID'' AND B.KEYMAP_ID = ''#KEYMAP_ID'' AND B.BASEDATE = TO_DATE(''#BASEDATE'',''yyyy/mm/dd'') AND A.FACID = B.VAL1','#KEYMAP_ID','KEY_REGIMPUTATION','REGID,RIMORDRE','B.KEY_NAME = ''KEY_REGIMPUTATION'' AND B.KEYMAP_ID = ''#KEYMAP_ID'' AND B.BASEDATE = TO_DATE(''#BASEDATE'',''yyyy/mm/dd'') AND A.#WHERECOL1 = B.VAL1 AND A.#WHERECOL2 = B.VAL2','AUTO','2026-04-25 12:26:46','2026-04-25 12:26:46','admin','admin',NULL,NULL,NULL,NULL,NULL,NULL,NULL),
	 ('TESTDATA_AUTO_GEN','1','GEN_KEYMAP','DAON','COOWNSER','REGIMPUTATION',NULL,NULL,'KEYMAP',NULL,NULL,NULL,NULL,10,2300,120,NULL,'입금상세','DEPID','KEY_DEPID',4,NULL,'SELECT ''#KEYMAP_ID'',''DAON'',''KEY_REGIMPUTATION'', TO_DATE(''#BASEDATE'',''yyyy/mm/dd''), B.CUSTID, A.REGID, A.RIMORDRE , EXPECTED_ARC_DEL_DATE FROM COOWNSER.REGIMPUTATION A, COTDL.TBL_PIIKEYMAP B WHERE  B.KEY_NAME = ''KEY_DEPID'' AND B.KEYMAP_ID = ''#KEYMAP_ID'' AND B.BASEDATE = TO_DATE(''#BASEDATE'',''yyyy/mm/dd'') AND A.DEPID = B.VAL1','INSERT INTO COTDL.TBL_PIIKEYMAP_TMP(KEYMAP_ID, DB, KEY_NAME, BASEDATE, CUSTID, VAL1, VAL2, EXPECTED_ARC_DEL_DATE) SELECT ''#KEYMAP_ID'',''DAON'',''KEY_REGIMPUTATION'', TO_DATE(''#BASEDATE'',''yyyy/mm/dd''), B.CUSTID, A.REGID, A.RIMORDRE , EXPECTED_ARC_DEL_DATE FROM COOWNSER.REGIMPUTATION A, COTDL.TBL_PIIKEYMAP B WHERE  B.KEY_NAME = ''KEY_DEPID'' AND B.KEYMAP_ID = ''#KEYMAP_ID'' AND B.BASEDATE = TO_DATE(''#BASEDATE'',''yyyy/mm/dd'') AND A.DEPID = B.VAL1','#KEYMAP_ID','KEY_REGIMPUTATION','REGID,RIMORDRE','B.KEY_NAME = ''KEY_REGIMPUTATION'' AND B.KEYMAP_ID = ''#KEYMAP_ID'' AND B.BASEDATE = TO_DATE(''#BASEDATE'',''yyyy/mm/dd'') AND A.#WHERECOL1 = B.VAL1 AND A.#WHERECOL2 = B.VAL2','AUTO','2026-04-25 12:26:46','2026-04-25 12:26:46','admin','admin',NULL,NULL,NULL,NULL,NULL,NULL,NULL),
	 ('TESTDATA_AUTO_GEN','1','GEN_KEYMAP','DAON','COTDL','TBL_PIIKEYMAP_TMP',NULL,NULL,'KEYMAP',NULL,NULL,NULL,NULL,10,2300,999,NULL,'입금상세','','',4,NULL,'SELECT DISTINCT ''#KEYMAP_ID'',''DAON'',''KEY_REGIMPUTATION'', TO_DATE(''#BASEDATE'',''yyyy/mm/dd''), A.CUSTID, A.VAL1, A.VAL2 , EXPECTED_ARC_DEL_DATE FROM COTDL.TBL_PIIKEYMAP_TMP A WHERE DB = ''DAON'' AND KEY_NAME = ''KEY_REGIMPUTATION'' AND KEYMAP_ID = ''#KEYMAP_ID'' AND BASEDATE =TO_DATE(''#BASEDATE'',''yyyy/mm/dd'')','INSERT INTO COTDL.TBL_PIIKEYMAP(KEYMAP_ID, DB, KEY_NAME, BASEDATE, CUSTID, VAL1, VAL2, EXPECTED_ARC_DEL_DATE) SELECT DISTINCT ''#KEYMAP_ID'',''DAON'',''KEY_REGIMPUTATION'', TO_DATE(''#BASEDATE'',''yyyy/mm/dd''), A.CUSTID, A.VAL1, A.VAL2 , EXPECTED_ARC_DEL_DATE FROM COTDL.TBL_PIIKEYMAP_TMP A WHERE DB = ''DAON'' AND KEY_NAME = ''KEY_REGIMPUTATION'' AND KEYMAP_ID = ''#KEYMAP_ID'' AND BASEDATE =TO_DATE(''#BASEDATE'',''yyyy/mm/dd'')','#KEYMAP_ID','KEY_REGIMPUTATION','REGID,RIMORDRE','B.KEY_NAME = ''KEY_REGIMPUTATION'' AND B.KEYMAP_ID = ''#KEYMAP_ID'' AND B.BASEDATE = TO_DATE(''#BASEDATE'',''yyyy/mm/dd'') AND A.#WHERECOL1 = B.VAL1 AND A.#WHERECOL2 = B.VAL2','AUTO','2026-04-25 12:26:46','2026-04-25 12:26:46','admin','admin',NULL,NULL,NULL,NULL,NULL,NULL,NULL),
	 ('TESTDATA_AUTO_GEN','1','GEN_KEYMAP','DAON','COOWNORG','CERTIFICATE',NULL,NULL,'KEYMAP','','',NULL,NULL,10,2310,1,NULL,'인증번호','ACTID','KEY_ACTID',NULL,NULL,'SELECT ''#KEYMAP_ID'',''DAON'',''KEY_CERID'', TO_DATE(''#BASEDATE'',''yyyy/mm/dd''), B.CUSTID, A.CERID, B.EXPECTED_ARC_DEL_DATE FROM COOWNORG.CERTIFICATE A, COTDL.TBL_PIIKEYMAP B WHERE B.KEY_NAME = ''KEY_ACTID'' AND B.KEYMAP_ID = ''#KEYMAP_ID'' AND B.BASEDATE = TO_DATE(''#BASEDATE'',''yyyy/mm/dd'') AND A.ACTID = B.VAL1','INSERT INTO COTDL.TBL_PIIKEYMAP(KEYMAP_ID, DB, KEY_NAME, BASEDATE, CUSTID, VAL1, EXPECTED_ARC_DEL_DATE) SELECT ''#KEYMAP_ID'',''DAON'',''KEY_CERID'', TO_DATE(''#BASEDATE'',''yyyy/mm/dd''), B.CUSTID, A.CERID, B.EXPECTED_ARC_DEL_DATE FROM COOWNORG.CERTIFICATE A, COTDL.TBL_PIIKEYMAP B WHERE B.KEY_NAME = ''KEY_ACTID'' AND B.KEYMAP_ID = ''#KEYMAP_ID'' AND B.BASEDATE = TO_DATE(''#BASEDATE'',''yyyy/mm/dd'') AND A.ACTID = B.VAL1','#KEYMAP_ID','KEY_CERID','CERID','B.KEY_NAME = ''KEY_CERID'' AND B.KEYMAP_ID = ''#KEYMAP_ID'' AND B.BASEDATE = TO_DATE(''#BASEDATE'',''yyyy/mm/dd'') AND A.#WHERECOL1 = B.VAL1','AUTO','2026-04-25 12:26:46','2026-04-25 12:26:46','admin','admin',NULL,NULL,NULL,NULL,NULL,NULL,NULL),
	 ('TESTDATA_AUTO_GEN','1','GEN_MASTER_KEYMAP','DAOND','COTDL','TBL_PIIMASTERKEYMAP',NULL,'ADD','EXTRACT','','',NULL,NULL,1,10,10,NULL,'ACTID','','',NULL,NULL,NULL,'insert into COTDL.TBL_PIIMASTERKEYMAP
SELECT 
#ORDERID,
DB,
SUBSTR(KEY_NAME, 5),
BASEDATE, CUSTID,
VAL1,
#CURVAL+rownum
from 
COTDL.TBL_PIIKEYMAP
WHERE KEY_NAME = ''KEY_ACTID'' and KEYMAP_ID = ''#KEYMAP_ID''
 /*
  ##### CURVAL #####
  SELECT RPRS_SRNO FROM COOWNSER.TCMSRNINFOQ WHERE SRNO_SVCD = ''CM05001''
  ;
  ##### UPDATE #####
  UPDATE COOWNSER.TCMSRNINFOQ
      SET RPRS_SRNO = RPRS_SRNO + (SELECT COUNT(1)
                     FROM COTDL.TBL_PIIKEYMAP
                     WHERE KEY_NAME = ''KEY_ACTID'' and KEYMAP_ID = ''#KEYMAP_ID'' 
                    )
      WHERE SRNO_SVCD = ''CM05001''
  */
',NULL,NULL,NULL,'',NULL,'2026-04-25 12:26:46','2026-04-25 12:26:46','admin','admin',NULL,NULL,NULL,NULL,NULL,NULL,NULL),
	 ('TESTDATA_AUTO_GEN','1','GEN_MASTER_KEYMAP','DAOND','COTDL','TBL_PIIMASTERKEYMAP',NULL,'ADD','EXTRACT','','',NULL,NULL,1,20,10,NULL,'DOSID','','',NULL,NULL,NULL,'insert into COTDL.TBL_PIIMASTERKEYMAP
SELECT 
#ORDERID,
DB,
SUBSTR(KEY_NAME, 5),
BASEDATE, CUSTID,
VAL1,
SEQ_DOSID.NEXTVAL
from 
COTDL.TBL_PIIKEYMAP
WHERE KEY_NAME = ''KEY_DOSID'' and KEYMAP_ID = ''#KEYMAP_ID''',NULL,NULL,NULL,'',NULL,'2026-04-25 12:26:46','2026-04-25 12:26:46','admin','admin',NULL,NULL,NULL,NULL,NULL,NULL,NULL),
	 ('TESTDATA_AUTO_GEN','1','GEN_MASTER_KEYMAP','DAOND','COTDL','TBL_PIIMASTERKEYMAP',NULL,'ADD','EXTRACT','','',NULL,NULL,1,30,10,NULL,'ITRID','','',NULL,NULL,NULL,'insert into COTDL.TBL_PIIMASTERKEYMAP
SELECT 
#ORDERID,
DB,
SUBSTR(KEY_NAME, 5),
BASEDATE, CUSTID,
VAL1,
SEQ_ITRID.NEXTVAL
from 
COTDL.TBL_PIIKEYMAP
WHERE KEY_NAME = ''KEY_ITRID'' and KEYMAP_ID = ''#KEYMAP_ID''',NULL,NULL,NULL,'',NULL,'2026-04-25 12:26:46','2026-04-25 12:26:46','admin','admin',NULL,NULL,NULL,NULL,NULL,NULL,NULL);
INSERT INTO COTDL.TBL_PIISTEPTABLE (JOBID,VERSION,STEPID,DB,OWNER,TABLE_NAME,PAGITYPE,PAGITYPEDETAIL,EXETYPE,ARCHIVEFLAG,STATUS,`PRECEDING`,SUCCEDDING,SEQ1,SEQ2,SEQ3,PIPELINE,PK_COL,WHERE_COL,WHERE_KEY_NAME,PARALLELCNT,COMMITCNT,WHERESTR,SQLSTR,KEYMAP_ID,KEY_NAME,KEY_COLS,KEY_REFSTR,SQLTYPE,REGDATE,UPDDATE,REGUSERID,UPDUSERID,HINTSELECT,HINTINSERT,UVAL1,UVAL2,UVAL3,UVAL4,UVAL5) VALUES
	 ('TESTDATA_AUTO_GEN','1','GEN_MASTER_KEYMAP','DAOND','COTDL','TBL_PIIMASTERKEYMAP',NULL,'ADD','EXTRACT','','',NULL,NULL,1,40,10,NULL,'PFIID','','',NULL,NULL,NULL,'insert into COTDL.TBL_PIIMASTERKEYMAP
SELECT 
#ORDERID,
DB,
SUBSTR(KEY_NAME, 5),
BASEDATE, CUSTID,
VAL1,
SEQ_PFIID.NEXTVAL
from 
COTDL.TBL_PIIKEYMAP
WHERE KEY_NAME = ''KEY_PFIID'' and KEYMAP_ID = ''#KEYMAP_ID''',NULL,NULL,NULL,'',NULL,'2026-04-25 12:26:46','2026-04-25 12:26:46','admin','admin',NULL,NULL,NULL,NULL,NULL,NULL,NULL),
	 ('TESTDATA_AUTO_GEN','1','GEN_MASTER_KEYMAP','DAOND','COTDL','TBL_PIIMASTERKEYMAP',NULL,'ADD','EXTRACT','','',NULL,NULL,1,50,10,NULL,'RIBID','','',NULL,NULL,NULL,'insert into COTDL.TBL_PIIMASTERKEYMAP
SELECT 
#ORDERID,
DB,
SUBSTR(KEY_NAME, 5),
BASEDATE, CUSTID,
VAL1,
SEQ_RIBID.NEXTVAL
from 
COTDL.TBL_PIIKEYMAP
WHERE KEY_NAME = ''KEY_RIBID'' and KEYMAP_ID = ''#KEYMAP_ID''',NULL,NULL,NULL,'',NULL,'2026-04-25 12:26:46','2026-04-25 12:26:46','admin','admin',NULL,NULL,NULL,NULL,NULL,NULL,NULL),
	 ('TESTDATA_AUTO_GEN','1','GEN_MASTER_KEYMAP','DAOND','COTDL','TBL_PIIMASTERKEYMAP',NULL,'ADD','EXTRACT','','',NULL,NULL,1,60,10,NULL,'ASSID','','',NULL,NULL,NULL,'insert into COTDL.TBL_PIIMASTERKEYMAP
SELECT 
#ORDERID,
DB,
SUBSTR(KEY_NAME, 5),
BASEDATE, CUSTID,
VAL1,
SEQ_ASSID.NEXTVAL
from 
COTDL.TBL_PIIKEYMAP
WHERE KEY_NAME = ''KEY_ASSID'' and KEYMAP_ID = ''#KEYMAP_ID''',NULL,NULL,NULL,'',NULL,'2026-04-25 12:26:46','2026-04-25 12:26:46','admin','admin',NULL,NULL,NULL,NULL,NULL,NULL,NULL),
	 ('TESTDATA_AUTO_GEN','1','GEN_MASTER_KEYMAP','DAOND','COTDL','TBL_PIIMASTERKEYMAP',NULL,'ADD','EXTRACT','','',NULL,NULL,1,70,10,NULL,'BIMID','','',NULL,NULL,NULL,'insert into COTDL.TBL_PIIMASTERKEYMAP
SELECT 
#ORDERID,
DB,
SUBSTR(KEY_NAME, 5),
BASEDATE, CUSTID,
VAL1,
SEQ_BIMID.NEXTVAL
from 
COTDL.TBL_PIIKEYMAP
WHERE KEY_NAME = ''KEY_BIMID'' and KEYMAP_ID = ''#KEYMAP_ID''',NULL,NULL,NULL,'',NULL,'2026-04-25 12:26:46','2026-04-25 12:26:46','admin','admin',NULL,NULL,NULL,NULL,NULL,NULL,NULL),
	 ('TESTDATA_AUTO_GEN','1','GEN_MASTER_KEYMAP','DAOND','COTDL','TBL_PIIMASTERKEYMAP',NULL,'ADD','EXTRACT','','',NULL,NULL,1,80,10,NULL,'FACID','','',NULL,NULL,NULL,'insert into COTDL.TBL_PIIMASTERKEYMAP
SELECT 
#ORDERID,
DB,
SUBSTR(KEY_NAME, 5),
BASEDATE, CUSTID,
VAL1,
SEQ_FACID.NEXTVAL
from 
COTDL.TBL_PIIKEYMAP
WHERE KEY_NAME = ''KEY_FACID'' and KEYMAP_ID = ''#KEYMAP_ID''',NULL,NULL,NULL,'',NULL,'2026-04-25 12:26:46','2026-04-25 12:26:46','admin','admin',NULL,NULL,NULL,NULL,NULL,NULL,NULL),
	 ('TESTDATA_AUTO_GEN','1','GEN_MASTER_KEYMAP','DAOND','COTDL','TBL_PIIMASTERKEYMAP',NULL,'ADD','EXTRACT','','',NULL,NULL,1,90,10,NULL,'CCAID','','',NULL,NULL,NULL,'insert into COTDL.TBL_PIIMASTERKEYMAP
SELECT 
#ORDERID,
DB,
SUBSTR(KEY_NAME, 5),
BASEDATE, CUSTID,
VAL1,
SEQ_CCAID.NEXTVAL
from 
COTDL.TBL_PIIKEYMAP
WHERE KEY_NAME = ''KEY_CCAID'' and KEYMAP_ID = ''#KEYMAP_ID''',NULL,NULL,NULL,'',NULL,'2026-04-25 12:26:46','2026-04-25 12:26:46','admin','admin',NULL,NULL,NULL,NULL,NULL,NULL,NULL),
	 ('TESTDATA_AUTO_GEN','1','GEN_MASTER_KEYMAP','DAOND','COTDL','TBL_PIIMASTERKEYMAP',NULL,'ADD','EXTRACT','','',NULL,NULL,1,100,10,NULL,'DEPID','','',NULL,NULL,NULL,'insert into COTDL.TBL_PIIMASTERKEYMAP
SELECT 
#ORDERID,
DB,
SUBSTR(KEY_NAME, 5),
BASEDATE, CUSTID,
VAL1,
SEQ_DEPID.NEXTVAL
from 
COTDL.TBL_PIIKEYMAP
WHERE KEY_NAME = ''KEY_DEPID'' and KEYMAP_ID = ''#KEYMAP_ID''',NULL,NULL,NULL,'',NULL,'2026-04-25 12:26:46','2026-04-25 12:26:46','admin','admin',NULL,NULL,NULL,NULL,NULL,NULL,NULL),
	 ('TESTDATA_AUTO_GEN','1','GEN_MASTER_KEYMAP','DAOND','COTDL','TBL_PIIMASTERKEYMAP',NULL,'ADD','EXTRACT','','',NULL,NULL,1,110,10,NULL,'COLID','','',NULL,NULL,NULL,'insert into COTDL.TBL_PIIMASTERKEYMAP
SELECT 
#ORDERID,
DB,
SUBSTR(KEY_NAME, 5),
BASEDATE, CUSTID,
VAL1,
SEQ_COLID.NEXTVAL
from 
COTDL.TBL_PIIKEYMAP
WHERE KEY_NAME = ''KEY_COLID'' and KEYMAP_ID = ''#KEYMAP_ID''',NULL,NULL,NULL,'',NULL,'2026-04-25 12:26:46','2026-04-25 12:26:46','admin','admin',NULL,NULL,NULL,NULL,NULL,NULL,NULL),
	 ('TESTDATA_AUTO_GEN','1','GEN_MASTER_KEYMAP','DAOND','COTDL','TBL_PIIMASTERKEYMAP',NULL,'ADD','EXTRACT','','',NULL,NULL,1,120,10,NULL,'CARID','','',NULL,NULL,NULL,'insert into COTDL.TBL_PIIMASTERKEYMAP
SELECT 
#ORDERID,
DB,
SUBSTR(KEY_NAME, 5),
BASEDATE, CUSTID,
VAL1,
SEQ_CARID.NEXTVAL
from 
COTDL.TBL_PIIKEYMAP
WHERE KEY_NAME = ''KEY_CARID'' and KEYMAP_ID = ''#KEYMAP_ID''',NULL,NULL,NULL,'',NULL,'2026-04-25 12:26:46','2026-04-25 12:26:46','admin','admin',NULL,NULL,NULL,NULL,NULL,NULL,NULL),
	 ('TESTDATA_AUTO_GEN','1','GEN_MASTER_KEYMAP','DAOND','COTDL','TBL_PIIMASTERKEYMAP',NULL,'ADD','EXTRACT','','',NULL,NULL,1,130,10,NULL,'ADRID','','',NULL,NULL,NULL,'insert into COTDL.TBL_PIIMASTERKEYMAP
SELECT 
#ORDERID,
DB,
SUBSTR(KEY_NAME, 5),
BASEDATE, CUSTID,
VAL1,
SEQ_ADRID.NEXTVAL
from 
COTDL.TBL_PIIKEYMAP
WHERE KEY_NAME = ''KEY_ADRID'' and KEYMAP_ID = ''#KEYMAP_ID''',NULL,NULL,NULL,'',NULL,'2026-04-25 12:26:46','2026-04-25 12:26:46','admin','admin',NULL,NULL,NULL,NULL,NULL,NULL,NULL);
INSERT INTO COTDL.TBL_PIISTEPTABLE (JOBID,VERSION,STEPID,DB,OWNER,TABLE_NAME,PAGITYPE,PAGITYPEDETAIL,EXETYPE,ARCHIVEFLAG,STATUS,`PRECEDING`,SUCCEDDING,SEQ1,SEQ2,SEQ3,PIPELINE,PK_COL,WHERE_COL,WHERE_KEY_NAME,PARALLELCNT,COMMITCNT,WHERESTR,SQLSTR,KEYMAP_ID,KEY_NAME,KEY_COLS,KEY_REFSTR,SQLTYPE,REGDATE,UPDDATE,REGUSERID,UPDUSERID,HINTSELECT,HINTINSERT,UVAL1,UVAL2,UVAL3,UVAL4,UVAL5) VALUES
	 ('TESTDATA_AUTO_GEN','1','GEN_MASTER_KEYMAP','DAOND','COTDL','TBL_PIIMASTERKEYMAP',NULL,'ADD','EXTRACT','','',NULL,NULL,1,140,10,NULL,'SINID','','',NULL,NULL,NULL,'insert into COTDL.TBL_PIIMASTERKEYMAP
SELECT 
#ORDERID,
DB,
SUBSTR(KEY_NAME, 5),
BASEDATE, CUSTID,
VAL1,
SEQ_SINID.NEXTVAL
from 
COTDL.TBL_PIIKEYMAP
WHERE KEY_NAME = ''KEY_SINID'' and KEYMAP_ID = ''#KEYMAP_ID''',NULL,NULL,NULL,'',NULL,'2026-04-25 12:26:46','2026-04-25 12:26:46','admin','admin',NULL,NULL,NULL,NULL,NULL,NULL,NULL),
	 ('TESTDATA_AUTO_GEN','1','GEN_MASTER_KEYMAP','DAOND','COTDL','TBL_PIIMASTERKEYMAP',NULL,'ADD','EXTRACT','','',NULL,NULL,1,150,10,NULL,'TPVID','','',NULL,NULL,NULL,'insert into COTDL.TBL_PIIMASTERKEYMAP
SELECT 
#ORDERID,
DB,
SUBSTR(KEY_NAME, 5),
BASEDATE, CUSTID,
VAL1,
SEQ_TPVID.NEXTVAL
from 
COTDL.TBL_PIIKEYMAP
WHERE KEY_NAME = ''KEY_TPVID'' and KEYMAP_ID = ''#KEYMAP_ID''',NULL,NULL,NULL,'',NULL,'2026-04-25 12:26:46','2026-04-25 12:26:46','admin','admin',NULL,NULL,NULL,NULL,NULL,NULL,NULL),
	 ('TESTDATA_AUTO_GEN','1','GEN_MASTER_KEYMAP','DAOND','COTDL','TBL_PIIMASTERKEYMAP',NULL,'ADD','EXTRACT','','',NULL,NULL,1,160,10,NULL,'CVAID','','',NULL,NULL,NULL,'insert into COTDL.TBL_PIIMASTERKEYMAP
SELECT 
#ORDERID,
DB,
SUBSTR(KEY_NAME, 5),
BASEDATE, CUSTID,
VAL1,
SEQ_CVAID.NEXTVAL
from 
COTDL.TBL_PIIKEYMAP
WHERE KEY_NAME = ''KEY_CVAID'' and KEYMAP_ID = ''#KEYMAP_ID''',NULL,NULL,NULL,'',NULL,'2026-04-25 12:26:46','2026-04-25 12:26:46','admin','admin',NULL,NULL,NULL,NULL,NULL,NULL,NULL),
	 ('TESTDATA_AUTO_GEN','1','GEN_MASTER_KEYMAP','DAOND','COTDL','TBL_PIIMASTERKEYMAP',NULL,'ADD','EXTRACT','','',NULL,NULL,1,170,10,NULL,'DMAID','','',NULL,NULL,NULL,'insert into COTDL.TBL_PIIMASTERKEYMAP
SELECT 
#ORDERID,
DB,
SUBSTR(KEY_NAME, 5),
BASEDATE, CUSTID,
VAL1,
SEQ_DMAID.NEXTVAL
from 
COTDL.TBL_PIIKEYMAP
WHERE KEY_NAME = ''KEY_DMAID'' and KEYMAP_ID = ''#KEYMAP_ID''',NULL,NULL,NULL,'',NULL,'2026-04-25 12:26:46','2026-04-25 12:26:46','admin','admin',NULL,NULL,NULL,NULL,NULL,NULL,NULL),
	 ('TESTDATA_AUTO_GEN','1','GEN_MASTER_KEYMAP','DAOND','COTDL','TBL_PIIMASTERKEYMAP',NULL,'ADD','EXTRACT','','',NULL,NULL,1,180,10,NULL,'ANAID','','',NULL,NULL,NULL,'insert into COTDL.TBL_PIIMASTERKEYMAP
SELECT 
#ORDERID,
DB,
SUBSTR(KEY_NAME, 5),
BASEDATE, CUSTID,
VAL1,
SEQ_ANAID.NEXTVAL
from 
COTDL.TBL_PIIKEYMAP
WHERE KEY_NAME = ''KEY_ANAID'' and KEYMAP_ID = ''#KEYMAP_ID''',NULL,NULL,NULL,'',NULL,'2026-04-25 12:26:46','2026-04-25 12:26:46','admin','admin',NULL,NULL,NULL,NULL,NULL,NULL,NULL),
	 ('TESTDATA_AUTO_GEN','1','GEN_MASTER_KEYMAP','DAOND','COTDL','TBL_PIIMASTERKEYMAP',NULL,'ADD','EXTRACT','','',NULL,NULL,1,190,10,NULL,'COFID','','',NULL,NULL,NULL,'insert into COTDL.TBL_PIIMASTERKEYMAP
SELECT 
#ORDERID,
DB,
SUBSTR(KEY_NAME, 5),
BASEDATE, CUSTID,
VAL1,
SEQ_COFID.NEXTVAL
from 
COTDL.TBL_PIIKEYMAP
WHERE KEY_NAME = ''KEY_COFID'' and KEYMAP_ID = ''#KEYMAP_ID''',NULL,NULL,NULL,'',NULL,'2026-04-25 12:26:46','2026-04-25 12:26:46','admin','admin',NULL,NULL,NULL,NULL,NULL,NULL,NULL),
	 ('TESTDATA_AUTO_GEN','1','GEN_MASTER_KEYMAP','DAOND','COTDL','TBL_PIIMASTERKEYMAP',NULL,'ADD','EXTRACT','','',NULL,NULL,1,200,10,NULL,'TWOID','','',NULL,NULL,NULL,'insert into COTDL.TBL_PIIMASTERKEYMAP
SELECT 
#ORDERID,
DB,
SUBSTR(KEY_NAME, 5),
BASEDATE, CUSTID,
VAL1,
SEQ_TWOID.NEXTVAL
from 
COTDL.TBL_PIIKEYMAP
WHERE KEY_NAME = ''KEY_TWOID'' and KEYMAP_ID = ''#KEYMAP_ID''',NULL,NULL,NULL,'',NULL,'2026-04-25 12:26:46','2026-04-25 12:26:46','admin','admin',NULL,NULL,NULL,NULL,NULL,NULL,NULL),
	 ('TESTDATA_AUTO_GEN','1','GEN_MASTER_KEYMAP','DAOND','COTDL','TBL_PIIMASTERKEYMAP',NULL,'ADD','EXTRACT','','',NULL,NULL,1,210,10,NULL,'DOSNUM','','',NULL,NULL,NULL,'insert into COTDL.TBL_PIIMASTERKEYMAP
SELECT 
#ORDERID,
DB,
SUBSTR(KEY_NAME, 5),
BASEDATE, CUSTID,
VAL1,
SEQ_DOSNUM.NEXTVAL
from 
COTDL.TBL_PIIKEYMAP
WHERE KEY_NAME = ''KEY_DOSNUM'' and KEYMAP_ID = ''#KEYMAP_ID''',NULL,NULL,NULL,'',NULL,'2026-04-25 12:26:46','2026-04-25 12:26:46','admin','admin',NULL,NULL,NULL,NULL,NULL,NULL,NULL),
	 ('TESTDATA_AUTO_GEN','1','GEN_MASTER_KEYMAP','DAOND','COTDL','TBL_PIIMASTERKEYMAP',NULL,'ADD','EXTRACT','','',NULL,NULL,1,220,10,NULL,'ACTCODE','','',NULL,NULL,NULL,'insert into COTDL.TBL_PIIMASTERKEYMAP
SELECT 
#ORDERID,
DB,
SUBSTR(KEY_NAME, 5),
BASEDATE, CUSTID,
VAL1,
SEQ_ACTCODE.NEXTVAL
from 
COTDL.TBL_PIIKEYMAP
WHERE KEY_NAME = ''KEY_ACTCODE'' and KEYMAP_ID = ''#KEYMAP_ID''',NULL,NULL,NULL,'',NULL,'2026-04-25 12:26:46','2026-04-25 12:26:46','admin','admin',NULL,NULL,NULL,NULL,NULL,NULL,NULL),
	 ('TESTDATA_AUTO_GEN','1','GEN_MASTER_KEYMAP','DAOND','COTDL','TBL_PIIMASTERKEYMAP',NULL,'ADD','EXTRACT','','',NULL,NULL,1,230,10,NULL,'REGIMPUTATION','','',NULL,NULL,NULL,'insert into COTDL.TBL_PIIMASTERKEYMAP
SELECT 
#ORDERID,
DB,
SUBSTR(KEY_NAME, 5),
BASEDATE, CUSTID,
VAL1,
SEQ_REGIMPUTATION.NEXTVAL
from 
COTDL.TBL_PIIKEYMAP
WHERE KEY_NAME = ''KEY_REGIMPUTATION'' and KEYMAP_ID = ''#KEYMAP_ID''',NULL,NULL,NULL,'',NULL,'2026-04-25 12:26:46','2026-04-25 12:26:46','admin','admin',NULL,NULL,NULL,NULL,NULL,NULL,NULL);
INSERT INTO COTDL.TBL_PIISTEPTABLE (JOBID,VERSION,STEPID,DB,OWNER,TABLE_NAME,PAGITYPE,PAGITYPEDETAIL,EXETYPE,ARCHIVEFLAG,STATUS,`PRECEDING`,SUCCEDDING,SEQ1,SEQ2,SEQ3,PIPELINE,PK_COL,WHERE_COL,WHERE_KEY_NAME,PARALLELCNT,COMMITCNT,WHERESTR,SQLSTR,KEYMAP_ID,KEY_NAME,KEY_COLS,KEY_REFSTR,SQLTYPE,REGDATE,UPDDATE,REGUSERID,UPDUSERID,HINTSELECT,HINTINSERT,UVAL1,UVAL2,UVAL3,UVAL4,UVAL5) VALUES
	 ('TESTDATA_AUTO_GEN','1','GEN_MASTER_KEYMAP','DAOND','COTDL','TBL_PIIMASTERKEYMAP',NULL,'ADD','EXTRACT','','',NULL,NULL,1,240,10,NULL,'CERID','','',NULL,NULL,NULL,'insert into COTDL.TBL_PIIMASTERKEYMAP
SELECT
#ORDERID,
DB,
SUBSTR(KEY_NAME, 5),
BASEDATE, CUSTID,
VAL1,
SEQ_CERID.NEXTVAL
from
COTDL.TBL_PIIKEYMAP
WHERE KEY_NAME = ''KEY_CERID'' and KEYMAP_ID = ''#KEYMAP_ID''',NULL,NULL,NULL,'',NULL,'2026-04-25 12:26:46','2026-04-25 12:26:46','admin','admin',NULL,NULL,NULL,NULL,NULL,NULL,NULL),
	 ('TESTDATA_AUTO_GEN','1','MIG_KEYMAP','DAOND','COTDL','TBL_PIIKEYMAP',NULL,NULL,'BROADCAST',NULL,NULL,NULL,NULL,10,10,10,NULL,NULL,NULL,NULL,NULL,NULL,'KEYMAP_ID = ''#KEYMAP_ID''','insert into COTDL.TBL_PIIKEYMAP -- Target DB : DW
select * from COTDL.TBL_PIIKEYMAP -- DB in Step 
 where KEYMAP_ID = ''#KEYMAP_ID''',NULL,NULL,NULL,NULL,NULL,'2026-04-25 12:26:46','2026-04-25 12:26:46','admin','admin',NULL,NULL,NULL,NULL,NULL,NULL,NULL),
	 ('TESTDATA_AUTO_GEN_FIXED','1','BROADCAST_MASTERKEY','DLM','COTDL','TBL_PIIMASTERKEYMAP',NULL,NULL,'BROADCAST','','',NULL,NULL,1,10,10,NULL,'','','',NULL,NULL,'ORDERID = ''#KEYMAP_ID''','insert into COTDL.TBL_PIIMASTERKEYMAP -- Target DB : DLM
select * from COTDL.TBL_PIIMASTERKEYMAP -- DB in Step
 where ORDERID = ''#KEYMAP_ID''',NULL,NULL,NULL,'',NULL,'2026-04-25 12:27:05','2026-04-25 12:27:05','admin','admin',NULL,NULL,NULL,NULL,NULL,NULL,NULL),
	 ('TESTDATA_AUTO_GEN_FIXED','1','EXE_FINISH','DLM','COTDL','TBL_TESTDATA',NULL,NULL,'FINISH','','',NULL,NULL,10,10,10,NULL,'','','',NULL,NULL,NULL,'UPDATE COTDL.TBL_TESTDATA
   SET UPDDATE= NOW(),
       STATUS = ''Ended OK'',
       CUSTID_NEW = (select GROUP_CONCAT(NEWVAL1 SEPARATOR '', '') AS combined_columns
		FROM COTDL.TBL_PIIMASTERKEYMAP
		WHERE ORDERID = ''#ORDERID'' and KEY_NAME = ''ACTID''
		GROUP BY ORDERID)
 WHERE NEW_ORDERID = ''#ORDERID''
',NULL,NULL,NULL,'',NULL,'2026-04-25 12:27:05','2026-04-25 12:27:05','admin','admin',NULL,NULL,NULL,NULL,NULL,NULL,NULL),
	 ('TESTDATA_AUTO_GEN_FIXED','1','EXE_FINISH','DAON','COTDL','TBL_PIIKEYMAP',NULL,NULL,'FINISH','','',NULL,NULL,10,20,10,NULL,'','','',NULL,NULL,NULL,'DELETE FROM COTDL.TBL_PIIKEYMAP
 WHERE KEYMAP_ID = ''#KEYMAP_ID''',NULL,NULL,NULL,'',NULL,'2026-04-25 12:27:05','2026-04-25 12:27:05','admin','admin',NULL,NULL,NULL,NULL,NULL,NULL,NULL),
	 ('TESTDATA_AUTO_GEN_FIXED','1','EXE_FINISH','DAOND','COTDL','TBL_PIIKEYMAP',NULL,NULL,'FINISH','','',NULL,NULL,10,30,10,NULL,'','','',NULL,NULL,NULL,'DELETE FROM COTDL.TBL_PIIKEYMAP
 WHERE KEYMAP_ID = ''#KEYMAP_ID''',NULL,NULL,NULL,'',NULL,'2026-04-25 12:27:05','2026-04-25 12:27:05','admin','admin',NULL,NULL,NULL,NULL,NULL,NULL,NULL),
	 ('TESTDATA_AUTO_GEN_FIXED','1','EXE_TRANSFORM','DAOND','COOWNORG','ARAGRID',NULL,NULL,'SCRAMBLE',NULL,NULL,NULL,NULL,10,20,10,NULL,'ANAID','ANAID','KEY_ANAID',NULL,NULL,'B.KEY_NAME = ''KEY_ANAID'' AND B.KEYMAP_ID = ''#KEYMAP_ID'' AND B.BASEDATE = TO_DATE(''#BASEDATE'',''yyyy/mm/dd'') AND A.ANAID = B.VAL1','',NULL,NULL,NULL,NULL,NULL,'2026-04-25 12:27:05','2026-04-25 12:27:05','admin','admin',NULL,NULL,NULL,NULL,NULL,NULL,NULL),
	 ('TESTDATA_AUTO_GEN_FIXED','1','EXE_TRANSFORM','DAOND','COOWNORG','CERTIFICATE',NULL,NULL,'SCRAMBLE',NULL,NULL,NULL,NULL,10,30,10,NULL,'CERID','ACTID','KEY_ACTID',NULL,NULL,'B.KEY_NAME = ''KEY_ACTID'' AND B.KEYMAP_ID = ''#KEYMAP_ID'' AND B.BASEDATE = TO_DATE(''#BASEDATE'',''yyyy/mm/dd'') AND A.ACTID = B.VAL1','',NULL,NULL,NULL,NULL,NULL,'2026-04-25 12:27:05','2026-04-25 12:27:05','admin','admin',NULL,NULL,NULL,NULL,NULL,NULL,NULL),
	 ('TESTDATA_AUTO_GEN_FIXED','1','EXE_TRANSFORM','DAOND','COOWNORG','DMODETAIL',NULL,NULL,'SCRAMBLE',NULL,NULL,NULL,NULL,10,40,10,NULL,'DOSID','DOSID','KEY_DOSID',NULL,NULL,'B.KEY_NAME = ''KEY_DOSID'' AND B.KEYMAP_ID = ''#KEYMAP_ID'' AND B.BASEDATE = TO_DATE(''#BASEDATE'',''yyyy/mm/dd'') AND A.DOSID = B.VAL1','',NULL,NULL,NULL,NULL,NULL,'2026-04-25 12:27:05','2026-04-25 12:27:05','admin','admin',NULL,NULL,NULL,NULL,NULL,NULL,NULL),
	 ('TESTDATA_AUTO_GEN_FIXED','1','EXE_TRANSFORM','DAOND','COOWNORG','DPRBIM',NULL,NULL,'SCRAMBLE',NULL,NULL,NULL,NULL,10,50,10,NULL,'DOSID','DOSID','KEY_DOSID',NULL,NULL,'B.KEY_NAME = ''KEY_DOSID'' AND B.KEYMAP_ID = ''#KEYMAP_ID'' AND B.BASEDATE = TO_DATE(''#BASEDATE'',''yyyy/mm/dd'') AND A.DOSID = B.VAL1','',NULL,NULL,NULL,NULL,NULL,'2026-04-25 12:27:05','2026-04-25 12:27:05','admin','admin',NULL,NULL,NULL,NULL,NULL,NULL,NULL);
INSERT INTO COTDL.TBL_PIISTEPTABLE (JOBID,VERSION,STEPID,DB,OWNER,TABLE_NAME,PAGITYPE,PAGITYPEDETAIL,EXETYPE,ARCHIVEFLAG,STATUS,`PRECEDING`,SUCCEDDING,SEQ1,SEQ2,SEQ3,PIPELINE,PK_COL,WHERE_COL,WHERE_KEY_NAME,PARALLELCNT,COMMITCNT,WHERESTR,SQLSTR,KEYMAP_ID,KEY_NAME,KEY_COLS,KEY_REFSTR,SQLTYPE,REGDATE,UPDDATE,REGUSERID,UPDUSERID,HINTSELECT,HINTINSERT,UVAL1,UVAL2,UVAL3,UVAL4,UVAL5) VALUES
	 ('TESTDATA_AUTO_GEN_FIXED','1','EXE_TRANSFORM','DAOND','COOWNORG','DPRDEBTAGENCY',NULL,NULL,'SCRAMBLE',NULL,NULL,NULL,NULL,10,60,10,NULL,'DOSID','DOSID','KEY_DOSID',NULL,NULL,'B.KEY_NAME = ''KEY_DOSID'' AND B.KEYMAP_ID = ''#KEYMAP_ID'' AND B.BASEDATE = TO_DATE(''#BASEDATE'',''yyyy/mm/dd'') AND A.DOSID = B.VAL1','',NULL,NULL,NULL,NULL,NULL,'2026-04-25 12:27:05','2026-04-25 12:27:05','admin','admin',NULL,NULL,NULL,NULL,NULL,NULL,NULL),
	 ('TESTDATA_AUTO_GEN_FIXED','1','EXE_TRANSFORM','DAOND','COOWNORG','LKDPRTCS',NULL,NULL,'SCRAMBLE',NULL,NULL,NULL,NULL,10,70,10,NULL,'DOSID','DOSID','KEY_DOSID',NULL,NULL,'B.KEY_NAME = ''KEY_DOSID'' AND B.KEYMAP_ID = ''#KEYMAP_ID'' AND B.BASEDATE = TO_DATE(''#BASEDATE'',''yyyy/mm/dd'') AND A.DOSID = B.VAL1','',NULL,NULL,NULL,NULL,NULL,'2026-04-25 12:27:05','2026-04-25 12:27:05','admin','admin',NULL,NULL,NULL,NULL,NULL,NULL,NULL),
	 ('TESTDATA_AUTO_GEN_FIXED','1','GEN_KEYMAP','DAON','COTDL','TBL_PIIEXTRACT',NULL,NULL,'KEYMAP','','',NULL,NULL,10,0,1,NULL,'고객ID','ACT_ID','',NULL,NULL,'SELECT ''#KEYMAP_ID'',''DAON'',''KEY_ACTID'', TO_DATE(''#BASEDATE'',''yyyy/mm/dd''), ACTID, ACTID ,#CUSTIDSFIEXED , null 
FROM COOWNSER.ACTEUR
WHERE actid IN (#CUSTIDSFORTESTDATA)','INSERT INTO COTDL.TBL_PIIKEYMAP(KEYMAP_ID, DB, KEY_NAME, BASEDATE, CUSTID, VAL1,  VAL2, EXPECTED_ARC_DEL_DATE) 
SELECT ''#KEYMAP_ID'',''DAON'',''KEY_ACTID'', TO_DATE(''#BASEDATE'',''yyyy/mm/dd''), ACTID, ACTID ,#CUSTIDSFIEXED , null 
FROM COOWNSER.ACTEUR
WHERE actid IN (#CUSTIDSFORTESTDATA)','#KEYMAP_ID','KEY_ACTID','ACTID','B.KEY_NAME = ''KEY_ACTID'' AND B.KEYMAP_ID = ''#KEYMAP_ID'' AND B.BASEDATE = TO_DATE(''#BASEDATE'',''yyyy/mm/dd'') AND A.#WHERECOL1 = B.VAL1','MANUAL','2026-04-25 12:27:05','2026-04-25 12:27:05','admin','admin',NULL,NULL,NULL,NULL,NULL,NULL,NULL),
	 ('TESTDATA_AUTO_GEN_FIXED','1','GEN_KEYMAP','DAON','COOWNSER','DOSACTEUR',NULL,NULL,'KEYMAP','','',NULL,NULL,10,0,100,NULL,'계약ID','ACTID','KEY_ACTID',NULL,NULL,'SELECT ''#KEYMAP_ID'',''DAON'',''KEY_DOSID'', TO_DATE(''#BASEDATE'',''yyyy/mm/dd''), B.CUSTID, A.DOSID , EXPECTED_ARC_DEL_DATE FROM COOWNSER.DOSACTEUR A, COTDL.TBL_PIIKEYMAP B WHERE  B.KEY_NAME = ''KEY_ACTID'' AND B.KEYMAP_ID = ''#KEYMAP_ID'' AND B.BASEDATE = TO_DATE(''#BASEDATE'',''yyyy/mm/dd'') AND A.ACTID = B.VAL1','INSERT INTO COTDL.TBL_PIIKEYMAP_TMP(KEYMAP_ID, DB, KEY_NAME, BASEDATE, CUSTID, VAL1, EXPECTED_ARC_DEL_DATE) SELECT ''#KEYMAP_ID'',''DAON'',''KEY_DOSID'', TO_DATE(''#BASEDATE'',''yyyy/mm/dd''), B.CUSTID, A.DOSID , EXPECTED_ARC_DEL_DATE FROM COOWNSER.DOSACTEUR A, COTDL.TBL_PIIKEYMAP B WHERE  B.KEY_NAME = ''KEY_ACTID'' AND B.KEYMAP_ID = ''#KEYMAP_ID'' AND B.BASEDATE = TO_DATE(''#BASEDATE'',''yyyy/mm/dd'') AND A.ACTID = B.VAL1','#KEYMAP_ID','KEY_DOSID','DOSID','B.KEY_NAME = ''KEY_DOSID'' AND B.KEYMAP_ID = ''#KEYMAP_ID'' AND B.BASEDATE = TO_DATE(''#BASEDATE'',''yyyy/mm/dd'') AND A.#WHERECOL1 = B.VAL1','AUTO','2026-04-25 12:27:05','2026-04-25 12:27:05','admin','admin',NULL,NULL,NULL,NULL,NULL,NULL,NULL),
	 ('TESTDATA_AUTO_GEN_FIXED','1','GEN_KEYMAP','DAON','COOWNORG','DPRACTEUR',NULL,NULL,'KEYMAP','','',NULL,NULL,10,0,110,NULL,'계약ID','ACTID','KEY_ACTID',NULL,NULL,'SELECT ''#KEYMAP_ID'',''DAON'',''KEY_DOSID'', TO_DATE(''#BASEDATE'',''yyyy/mm/dd''), B.CUSTID, A.DOSID , EXPECTED_ARC_DEL_DATE FROM COOWNORG.DPRACTEUR A, COTDL.TBL_PIIKEYMAP B WHERE  B.KEY_NAME = ''KEY_ACTID'' AND B.KEYMAP_ID = ''#KEYMAP_ID'' AND B.BASEDATE = TO_DATE(''#BASEDATE'',''yyyy/mm/dd'') AND A.ACTID = B.VAL1','INSERT INTO COTDL.TBL_PIIKEYMAP_TMP(KEYMAP_ID, DB, KEY_NAME, BASEDATE, CUSTID, VAL1, EXPECTED_ARC_DEL_DATE) SELECT ''#KEYMAP_ID'',''DAON'',''KEY_DOSID'', TO_DATE(''#BASEDATE'',''yyyy/mm/dd''), B.CUSTID, A.DOSID , EXPECTED_ARC_DEL_DATE FROM COOWNORG.DPRACTEUR A, COTDL.TBL_PIIKEYMAP B WHERE  B.KEY_NAME = ''KEY_ACTID'' AND B.KEYMAP_ID = ''#KEYMAP_ID'' AND B.BASEDATE = TO_DATE(''#BASEDATE'',''yyyy/mm/dd'') AND A.ACTID = B.VAL1','#KEYMAP_ID','KEY_DOSID','DOSID','B.KEY_NAME = ''KEY_DOSID'' AND B.KEYMAP_ID = ''#KEYMAP_ID'' AND B.BASEDATE = TO_DATE(''#BASEDATE'',''yyyy/mm/dd'') AND A.#WHERECOL1 = B.VAL1','AUTO','2026-04-25 12:27:05','2026-04-25 12:27:05','admin','admin',NULL,NULL,NULL,NULL,NULL,NULL,NULL),
	 ('TESTDATA_AUTO_GEN_FIXED','1','GEN_KEYMAP','DAON','COTDL','TBL_PIIKEYMAP_TMP',NULL,NULL,'KEYMAP','','',NULL,NULL,10,0,999,NULL,'계약ID','','',NULL,NULL,'SELECT DISTINCT ''#KEYMAP_ID'',''DAON'',''KEY_DOSID'', TO_DATE(''#BASEDATE'',''yyyy/mm/dd''), A.CUSTID, A.VAL1 , EXPECTED_ARC_DEL_DATE FROM COTDL.TBL_PIIKEYMAP_TMP A WHERE DB = ''DAON'' AND KEY_NAME = ''KEY_DOSID'' AND KEYMAP_ID = ''#KEYMAP_ID'' AND BASEDATE =TO_DATE(''#BASEDATE'',''yyyy/mm/dd'')','INSERT INTO COTDL.TBL_PIIKEYMAP(KEYMAP_ID, DB, KEY_NAME, BASEDATE, CUSTID, VAL1, EXPECTED_ARC_DEL_DATE) SELECT DISTINCT ''#KEYMAP_ID'',''DAON'',''KEY_DOSID'', TO_DATE(''#BASEDATE'',''yyyy/mm/dd''), A.CUSTID, A.VAL1 , EXPECTED_ARC_DEL_DATE FROM COTDL.TBL_PIIKEYMAP_TMP A WHERE DB = ''DAON'' AND KEY_NAME = ''KEY_DOSID'' AND KEYMAP_ID = ''#KEYMAP_ID'' AND BASEDATE =TO_DATE(''#BASEDATE'',''yyyy/mm/dd'')','#KEYMAP_ID','KEY_DOSID','DOSID','B.KEY_NAME = ''KEY_DOSID'' AND B.KEYMAP_ID = ''#KEYMAP_ID'' AND B.BASEDATE = TO_DATE(''#BASEDATE'',''yyyy/mm/dd'') AND A.#WHERECOL1 = B.VAL1','AUTO','2026-04-25 12:27:05','2026-04-25 12:27:05','admin','admin',NULL,NULL,NULL,NULL,NULL,NULL,NULL),
	 ('TESTDATA_AUTO_GEN_FIXED','1','GEN_KEYMAP','DAON','COOWNSER','LKDOSRUBITRRUB',NULL,NULL,'KEYMAP','','',NULL,NULL,10,300,1,NULL,'자산번호','DOSID','KEY_DOSID',NULL,NULL,'SELECT ''#KEYMAP_ID'',''DAON'',''KEY_ITRID'', TO_DATE(''#BASEDATE'',''yyyy/mm/dd''), B.CUSTID, A.ITRID , EXPECTED_ARC_DEL_DATE FROM COOWNSER.LKDOSRUBITRRUB A, COTDL.TBL_PIIKEYMAP B WHERE  B.KEY_NAME = ''KEY_DOSID'' AND B.KEYMAP_ID = ''#KEYMAP_ID'' AND B.BASEDATE = TO_DATE(''#BASEDATE'',''yyyy/mm/dd'') AND A.DOSID = B.VAL1','INSERT INTO COTDL.TBL_PIIKEYMAP(KEYMAP_ID, DB, KEY_NAME, BASEDATE, CUSTID, VAL1, EXPECTED_ARC_DEL_DATE) SELECT ''#KEYMAP_ID'',''DAON'',''KEY_ITRID'', TO_DATE(''#BASEDATE'',''yyyy/mm/dd''), B.CUSTID, A.ITRID , EXPECTED_ARC_DEL_DATE FROM COOWNSER.LKDOSRUBITRRUB A, COTDL.TBL_PIIKEYMAP B WHERE  B.KEY_NAME = ''KEY_DOSID'' AND B.KEYMAP_ID = ''#KEYMAP_ID'' AND B.BASEDATE = TO_DATE(''#BASEDATE'',''yyyy/mm/dd'') AND A.DOSID = B.VAL1','#KEYMAP_ID','KEY_ITRID','ITRID','B.KEY_NAME = ''KEY_ITRID'' AND B.KEYMAP_ID = ''#KEYMAP_ID'' AND B.BASEDATE = TO_DATE(''#BASEDATE'',''yyyy/mm/dd'') AND A.#WHERECOL1 = B.VAL1','AUTO','2026-04-25 12:27:05','2026-04-25 12:27:05','admin','admin',NULL,NULL,NULL,NULL,NULL,NULL,NULL),
	 ('TESTDATA_AUTO_GEN_FIXED','1','GEN_KEYMAP','DAON','COOWNORG','DPRPROPFINANCE',NULL,NULL,'KEYMAP','','',NULL,NULL,10,400,1,NULL,'견적번호','DOSID','KEY_DOSID',NULL,NULL,'SELECT ''#KEYMAP_ID'',''DAON'',''KEY_PFIID'', TO_DATE(''#BASEDATE'',''yyyy/mm/dd''), B.CUSTID, A.PFIID, B.EXPECTED_ARC_DEL_DATE FROM COOWNORG.DPRPROPFINANCE A, COTDL.TBL_PIIKEYMAP B WHERE B.KEY_NAME = ''KEY_DOSID'' AND B.KEYMAP_ID = ''#KEYMAP_ID'' AND B.BASEDATE = TO_DATE(''#BASEDATE'',''yyyy/mm/dd'') AND A.DOSID = B.VAL1','INSERT INTO COTDL.TBL_PIIKEYMAP(KEYMAP_ID, DB, KEY_NAME, BASEDATE, CUSTID, VAL1, EXPECTED_ARC_DEL_DATE) SELECT ''#KEYMAP_ID'',''DAON'',''KEY_PFIID'', TO_DATE(''#BASEDATE'',''yyyy/mm/dd''), B.CUSTID, A.PFIID, B.EXPECTED_ARC_DEL_DATE FROM COOWNORG.DPRPROPFINANCE A, COTDL.TBL_PIIKEYMAP B WHERE B.KEY_NAME = ''KEY_DOSID'' AND B.KEYMAP_ID = ''#KEYMAP_ID'' AND B.BASEDATE = TO_DATE(''#BASEDATE'',''yyyy/mm/dd'') AND A.DOSID = B.VAL1','#KEYMAP_ID','KEY_PFIID','PFIID','B.KEY_NAME = ''KEY_PFIID'' AND B.KEYMAP_ID = ''#KEYMAP_ID'' AND B.BASEDATE = TO_DATE(''#BASEDATE'',''yyyy/mm/dd'') AND A.#WHERECOL1 = B.VAL1','AUTO','2026-04-25 12:27:05','2026-04-25 12:27:05','admin','admin',NULL,NULL,NULL,NULL,NULL,NULL,NULL),
	 ('TESTDATA_AUTO_GEN_FIXED','1','GEN_KEYMAP','DAON','COOWNSER','ACTRIB',NULL,NULL,'KEYMAP',NULL,NULL,NULL,NULL,10,500,1,NULL,'재무번호','ACTID','KEY_ACTID',4,NULL,'SELECT ''#KEYMAP_ID'',''DAON'',''KEY_RIBID'', TO_DATE(''#BASEDATE'',''yyyy/mm/dd''), B.CUSTID, A.RIBID , EXPECTED_ARC_DEL_DATE FROM COOWNSER.ACTRIB A, COTDL.TBL_PIIKEYMAP B WHERE  B.KEY_NAME = ''KEY_ACTID'' AND B.KEYMAP_ID = ''#KEYMAP_ID'' AND B.BASEDATE = TO_DATE(''#BASEDATE'',''yyyy/mm/dd'') AND A.ACTID = B.VAL1','INSERT INTO COTDL.TBL_PIIKEYMAP(KEYMAP_ID, DB, KEY_NAME, BASEDATE, CUSTID, VAL1, EXPECTED_ARC_DEL_DATE) SELECT ''#KEYMAP_ID'',''DAON'',''KEY_RIBID'', TO_DATE(''#BASEDATE'',''yyyy/mm/dd''), B.CUSTID, A.RIBID , EXPECTED_ARC_DEL_DATE FROM COOWNSER.ACTRIB A, COTDL.TBL_PIIKEYMAP B WHERE  B.KEY_NAME = ''KEY_ACTID'' AND B.KEYMAP_ID = ''#KEYMAP_ID'' AND B.BASEDATE = TO_DATE(''#BASEDATE'',''yyyy/mm/dd'') AND A.ACTID = B.VAL1','#KEYMAP_ID','KEY_RIBID','RIBID','B.KEY_NAME = ''KEY_RIBID'' AND B.KEYMAP_ID = ''#KEYMAP_ID'' AND B.BASEDATE = TO_DATE(''#BASEDATE'',''yyyy/mm/dd'') AND A.#WHERECOL1 = B.VAL1','AUTO','2026-04-25 12:27:05','2026-04-25 12:27:05','admin','admin',NULL,NULL,NULL,NULL,NULL,NULL,NULL),
	 ('TESTDATA_AUTO_GEN_FIXED','1','GEN_KEYMAP','DAON','COOWNSER','ASSDOSSIER',NULL,NULL,'KEYMAP',NULL,NULL,NULL,NULL,10,600,1,NULL,'보험번호','DOSID','KEY_DOSID',4,NULL,'SELECT ''#KEYMAP_ID'',''DAON'',''KEY_ASSID'', TO_DATE(''#BASEDATE'',''yyyy/mm/dd''), B.CUSTID, A.ASSID , EXPECTED_ARC_DEL_DATE FROM COOWNSER.ASSDOSSIER A, COTDL.TBL_PIIKEYMAP B WHERE  B.KEY_NAME = ''KEY_DOSID'' AND B.KEYMAP_ID = ''#KEYMAP_ID'' AND B.BASEDATE = TO_DATE(''#BASEDATE'',''yyyy/mm/dd'') AND A.DOSID = B.VAL1','INSERT INTO COTDL.TBL_PIIKEYMAP(KEYMAP_ID, DB, KEY_NAME, BASEDATE, CUSTID, VAL1, EXPECTED_ARC_DEL_DATE) SELECT ''#KEYMAP_ID'',''DAON'',''KEY_ASSID'', TO_DATE(''#BASEDATE'',''yyyy/mm/dd''), B.CUSTID, A.ASSID , EXPECTED_ARC_DEL_DATE FROM COOWNSER.ASSDOSSIER A, COTDL.TBL_PIIKEYMAP B WHERE  B.KEY_NAME = ''KEY_DOSID'' AND B.KEYMAP_ID = ''#KEYMAP_ID'' AND B.BASEDATE = TO_DATE(''#BASEDATE'',''yyyy/mm/dd'') AND A.DOSID = B.VAL1','#KEYMAP_ID','KEY_ASSID','ASSID','B.KEY_NAME = ''KEY_ASSID'' AND B.KEYMAP_ID = ''#KEYMAP_ID'' AND B.BASEDATE = TO_DATE(''#BASEDATE'',''yyyy/mm/dd'') AND A.#WHERECOL1 = B.VAL1','AUTO','2026-04-25 12:27:05','2026-04-25 12:27:05','admin','admin',NULL,NULL,NULL,NULL,NULL,NULL,NULL);
INSERT INTO COTDL.TBL_PIISTEPTABLE (JOBID,VERSION,STEPID,DB,OWNER,TABLE_NAME,PAGITYPE,PAGITYPEDETAIL,EXETYPE,ARCHIVEFLAG,STATUS,`PRECEDING`,SUCCEDDING,SEQ1,SEQ2,SEQ3,PIPELINE,PK_COL,WHERE_COL,WHERE_KEY_NAME,PARALLELCNT,COMMITCNT,WHERESTR,SQLSTR,KEYMAP_ID,KEY_NAME,KEY_COLS,KEY_REFSTR,SQLTYPE,REGDATE,UPDDATE,REGUSERID,UPDUSERID,HINTSELECT,HINTINSERT,UVAL1,UVAL2,UVAL3,UVAL4,UVAL5) VALUES
	 ('TESTDATA_AUTO_GEN_FIXED','1','GEN_KEYMAP','DAON','COOWNSER','DOSBIM',NULL,NULL,'KEYMAP',NULL,NULL,NULL,NULL,10,700,1,NULL,'부동자산번호','DOSID','KEY_DOSID',4,NULL,'SELECT ''#KEYMAP_ID'',''DAON'',''KEY_BIMID'', TO_DATE(''#BASEDATE'',''yyyy/mm/dd''), B.CUSTID, A.BIMID , EXPECTED_ARC_DEL_DATE FROM COOWNSER.DOSBIM A, COTDL.TBL_PIIKEYMAP B WHERE  B.KEY_NAME = ''KEY_DOSID'' AND B.KEYMAP_ID = ''#KEYMAP_ID'' AND B.BASEDATE = TO_DATE(''#BASEDATE'',''yyyy/mm/dd'') AND A.DOSID = B.VAL1','INSERT INTO COTDL.TBL_PIIKEYMAP(KEYMAP_ID, DB, KEY_NAME, BASEDATE, CUSTID, VAL1, EXPECTED_ARC_DEL_DATE) SELECT ''#KEYMAP_ID'',''DAON'',''KEY_BIMID'', TO_DATE(''#BASEDATE'',''yyyy/mm/dd''), B.CUSTID, A.BIMID , EXPECTED_ARC_DEL_DATE FROM COOWNSER.DOSBIM A, COTDL.TBL_PIIKEYMAP B WHERE  B.KEY_NAME = ''KEY_DOSID'' AND B.KEYMAP_ID = ''#KEYMAP_ID'' AND B.BASEDATE = TO_DATE(''#BASEDATE'',''yyyy/mm/dd'') AND A.DOSID = B.VAL1','#KEYMAP_ID','KEY_BIMID','BIMID','B.KEY_NAME = ''KEY_BIMID'' AND B.KEYMAP_ID = ''#KEYMAP_ID'' AND B.BASEDATE = TO_DATE(''#BASEDATE'',''yyyy/mm/dd'') AND A.#WHERECOL1 = B.VAL1','AUTO','2026-04-25 12:27:05','2026-04-25 12:27:05','admin','admin',NULL,NULL,NULL,NULL,NULL,NULL,NULL),
	 ('TESTDATA_AUTO_GEN_FIXED','1','GEN_KEYMAP','DAON','COOWNSER','FACLIGNE',NULL,NULL,'KEYMAP',NULL,NULL,NULL,NULL,10,800,1,NULL,'청구번호','FLIDOSID','KEY_DOSID',4,NULL,'SELECT ''#KEYMAP_ID'',''DAON'',''KEY_FACID'', TO_DATE(''#BASEDATE'',''yyyy/mm/dd''), B.CUSTID, A.FACID , EXPECTED_ARC_DEL_DATE FROM COOWNSER.FACLIGNE A, COTDL.TBL_PIIKEYMAP B WHERE  B.KEY_NAME = ''KEY_DOSID'' AND B.KEYMAP_ID = ''#KEYMAP_ID'' AND B.BASEDATE = TO_DATE(''#BASEDATE'',''yyyy/mm/dd'') AND A.FLIDOSID = B.VAL1','INSERT INTO COTDL.TBL_PIIKEYMAP(KEYMAP_ID, DB, KEY_NAME, BASEDATE, CUSTID, VAL1, EXPECTED_ARC_DEL_DATE) SELECT ''#KEYMAP_ID'',''DAON'',''KEY_FACID'', TO_DATE(''#BASEDATE'',''yyyy/mm/dd''), B.CUSTID, A.FACID , EXPECTED_ARC_DEL_DATE FROM COOWNSER.FACLIGNE A, COTDL.TBL_PIIKEYMAP B WHERE  B.KEY_NAME = ''KEY_DOSID'' AND B.KEYMAP_ID = ''#KEYMAP_ID'' AND B.BASEDATE = TO_DATE(''#BASEDATE'',''yyyy/mm/dd'') AND A.FLIDOSID = B.VAL1','#KEYMAP_ID','KEY_FACID','FACID','B.KEY_NAME = ''KEY_FACID'' AND B.KEYMAP_ID = ''#KEYMAP_ID'' AND B.BASEDATE = TO_DATE(''#BASEDATE'',''yyyy/mm/dd'') AND A.#WHERECOL1 = B.VAL1','AUTO','2026-04-25 12:27:05','2026-04-25 12:27:05','admin','admin',NULL,NULL,NULL,NULL,NULL,NULL,NULL),
	 ('TESTDATA_AUTO_GEN_FIXED','1','GEN_KEYMAP','DAON','COOWNSER','COLLECTIONCASE',NULL,NULL,'KEYMAP',NULL,NULL,NULL,NULL,10,900,1,NULL,'채권번호','DOSID','KEY_DOSID',4,NULL,'SELECT ''#KEYMAP_ID'',''DAON'',''KEY_CCAID'', TO_DATE(''#BASEDATE'',''yyyy/mm/dd''), B.CUSTID, A.CCAID , EXPECTED_ARC_DEL_DATE FROM COOWNSER.COLLECTIONCASE A, COTDL.TBL_PIIKEYMAP B WHERE  B.KEY_NAME = ''KEY_DOSID'' AND B.KEYMAP_ID = ''#KEYMAP_ID'' AND B.BASEDATE = TO_DATE(''#BASEDATE'',''yyyy/mm/dd'') AND A.DOSID = B.VAL1','INSERT INTO COTDL.TBL_PIIKEYMAP(KEYMAP_ID, DB, KEY_NAME, BASEDATE, CUSTID, VAL1, EXPECTED_ARC_DEL_DATE) SELECT ''#KEYMAP_ID'',''DAON'',''KEY_CCAID'', TO_DATE(''#BASEDATE'',''yyyy/mm/dd''), B.CUSTID, A.CCAID , EXPECTED_ARC_DEL_DATE FROM COOWNSER.COLLECTIONCASE A, COTDL.TBL_PIIKEYMAP B WHERE  B.KEY_NAME = ''KEY_DOSID'' AND B.KEYMAP_ID = ''#KEYMAP_ID'' AND B.BASEDATE = TO_DATE(''#BASEDATE'',''yyyy/mm/dd'') AND A.DOSID = B.VAL1','#KEYMAP_ID','KEY_CCAID','CCAID','B.KEY_NAME = ''KEY_CCAID'' AND B.KEYMAP_ID = ''#KEYMAP_ID'' AND B.BASEDATE = TO_DATE(''#BASEDATE'',''yyyy/mm/dd'') AND A.#WHERECOL1 = B.VAL1','AUTO','2026-04-25 12:27:05','2026-04-25 12:27:05','admin','admin',NULL,NULL,NULL,NULL,NULL,NULL,NULL),
	 ('TESTDATA_AUTO_GEN_FIXED','1','GEN_KEYMAP','DAON','COOWNSER','DEPLIGNE',NULL,NULL,'KEYMAP',NULL,NULL,NULL,NULL,10,1000,1,NULL,'입금번호','DOSID','KEY_DOSID',4,NULL,'SELECT ''#KEYMAP_ID'',''DAON'',''KEY_DEPID'', TO_DATE(''#BASEDATE'',''yyyy/mm/dd''), B.CUSTID, A.DEPID , EXPECTED_ARC_DEL_DATE FROM COOWNSER.DEPLIGNE A, COTDL.TBL_PIIKEYMAP B WHERE  B.KEY_NAME = ''KEY_DOSID'' AND B.KEYMAP_ID = ''#KEYMAP_ID'' AND B.BASEDATE = TO_DATE(''#BASEDATE'',''yyyy/mm/dd'') AND A.DOSID = B.VAL1','INSERT INTO COTDL.TBL_PIIKEYMAP(KEYMAP_ID, DB, KEY_NAME, BASEDATE, CUSTID, VAL1, EXPECTED_ARC_DEL_DATE) SELECT ''#KEYMAP_ID'',''DAON'',''KEY_DEPID'', TO_DATE(''#BASEDATE'',''yyyy/mm/dd''), B.CUSTID, A.DEPID , EXPECTED_ARC_DEL_DATE FROM COOWNSER.DEPLIGNE A, COTDL.TBL_PIIKEYMAP B WHERE  B.KEY_NAME = ''KEY_DOSID'' AND B.KEYMAP_ID = ''#KEYMAP_ID'' AND B.BASEDATE = TO_DATE(''#BASEDATE'',''yyyy/mm/dd'') AND A.DOSID = B.VAL1','#KEYMAP_ID','KEY_DEPID','DEPID','B.KEY_NAME = ''KEY_DEPID'' AND B.KEYMAP_ID = ''#KEYMAP_ID'' AND B.BASEDATE = TO_DATE(''#BASEDATE'',''yyyy/mm/dd'') AND A.#WHERECOL1 = B.VAL1','AUTO','2026-04-25 12:27:05','2026-04-25 12:27:05','admin','admin',NULL,NULL,NULL,NULL,NULL,NULL,NULL),
	 ('TESTDATA_AUTO_GEN_FIXED','1','GEN_KEYMAP','DAON','COOWNSER','COLOBJECT',NULL,NULL,'KEYMAP',NULL,NULL,NULL,NULL,10,1100,1,NULL,'담보번호','DOSIDPROSPECT','KEY_DOSID',4,NULL,'SELECT ''#KEYMAP_ID'',''DAON'',''KEY_COLID'', TO_DATE(''#BASEDATE'',''yyyy/mm/dd''), B.CUSTID, A.COLID , EXPECTED_ARC_DEL_DATE FROM COOWNSER.COLOBJECT A, COTDL.TBL_PIIKEYMAP B WHERE  B.KEY_NAME = ''KEY_DOSID'' AND B.KEYMAP_ID = ''#KEYMAP_ID'' AND B.BASEDATE = TO_DATE(''#BASEDATE'',''yyyy/mm/dd'') AND A.DOSIDPROSPECT = B.VAL1','INSERT INTO COTDL.TBL_PIIKEYMAP(KEYMAP_ID, DB, KEY_NAME, BASEDATE, CUSTID, VAL1, EXPECTED_ARC_DEL_DATE) SELECT ''#KEYMAP_ID'',''DAON'',''KEY_COLID'', TO_DATE(''#BASEDATE'',''yyyy/mm/dd''), B.CUSTID, A.COLID , EXPECTED_ARC_DEL_DATE FROM COOWNSER.COLOBJECT A, COTDL.TBL_PIIKEYMAP B WHERE  B.KEY_NAME = ''KEY_DOSID'' AND B.KEYMAP_ID = ''#KEYMAP_ID'' AND B.BASEDATE = TO_DATE(''#BASEDATE'',''yyyy/mm/dd'') AND A.DOSIDPROSPECT = B.VAL1','#KEYMAP_ID','KEY_COLID','COLID','B.KEY_NAME = ''KEY_COLID'' AND B.KEYMAP_ID = ''#KEYMAP_ID'' AND B.BASEDATE = TO_DATE(''#BASEDATE'',''yyyy/mm/dd'') AND A.#WHERECOL1 = B.VAL1','AUTO','2026-04-25 12:27:05','2026-04-25 12:27:05','admin','admin',NULL,NULL,NULL,NULL,NULL,NULL,NULL),
	 ('TESTDATA_AUTO_GEN_FIXED','1','GEN_KEYMAP','DAON','COOWNSER','CARD',NULL,NULL,'KEYMAP',NULL,NULL,NULL,NULL,10,1200,1,NULL,'카드번호','DOSID','KEY_DOSID',4,NULL,'SELECT ''#KEYMAP_ID'',''DAON'',''KEY_CARID'', TO_DATE(''#BASEDATE'',''yyyy/mm/dd''), B.CUSTID, A.CARID , EXPECTED_ARC_DEL_DATE FROM COOWNSER.CARD A, COTDL.TBL_PIIKEYMAP B WHERE  B.KEY_NAME = ''KEY_DOSID'' AND B.KEYMAP_ID = ''#KEYMAP_ID'' AND B.BASEDATE = TO_DATE(''#BASEDATE'',''yyyy/mm/dd'') AND A.DOSID = B.VAL1','INSERT INTO COTDL.TBL_PIIKEYMAP(KEYMAP_ID, DB, KEY_NAME, BASEDATE, CUSTID, VAL1, EXPECTED_ARC_DEL_DATE) SELECT ''#KEYMAP_ID'',''DAON'',''KEY_CARID'', TO_DATE(''#BASEDATE'',''yyyy/mm/dd''), B.CUSTID, A.CARID , EXPECTED_ARC_DEL_DATE FROM COOWNSER.CARD A, COTDL.TBL_PIIKEYMAP B WHERE  B.KEY_NAME = ''KEY_DOSID'' AND B.KEYMAP_ID = ''#KEYMAP_ID'' AND B.BASEDATE = TO_DATE(''#BASEDATE'',''yyyy/mm/dd'') AND A.DOSID = B.VAL1','#KEYMAP_ID','KEY_CARID','CARID','B.KEY_NAME = ''KEY_CARID'' AND B.KEYMAP_ID = ''#KEYMAP_ID'' AND B.BASEDATE = TO_DATE(''#BASEDATE'',''yyyy/mm/dd'') AND A.#WHERECOL1 = B.VAL1','AUTO','2026-04-25 12:27:05','2026-04-25 12:27:05','admin','admin',NULL,NULL,NULL,NULL,NULL,NULL,NULL),
	 ('TESTDATA_AUTO_GEN_FIXED','1','GEN_KEYMAP','DAON','COOWNSER','ACTADRESSE',NULL,NULL,'KEYMAP',NULL,NULL,NULL,NULL,10,1300,1,NULL,'주소번호','ACTID','KEY_ACTID',4,NULL,'SELECT ''#KEYMAP_ID'',''DAON'',''KEY_ADRID'', TO_DATE(''#BASEDATE'',''yyyy/mm/dd''), B.CUSTID, A.ADRID , EXPECTED_ARC_DEL_DATE FROM COOWNSER.ACTADRESSE A, COTDL.TBL_PIIKEYMAP B WHERE  B.KEY_NAME = ''KEY_ACTID'' AND B.KEYMAP_ID = ''#KEYMAP_ID'' AND B.BASEDATE = TO_DATE(''#BASEDATE'',''yyyy/mm/dd'') AND A.ACTID = B.VAL1','INSERT INTO COTDL.TBL_PIIKEYMAP(KEYMAP_ID, DB, KEY_NAME, BASEDATE, CUSTID, VAL1, EXPECTED_ARC_DEL_DATE) SELECT ''#KEYMAP_ID'',''DAON'',''KEY_ADRID'', TO_DATE(''#BASEDATE'',''yyyy/mm/dd''), B.CUSTID, A.ADRID , EXPECTED_ARC_DEL_DATE FROM COOWNSER.ACTADRESSE A, COTDL.TBL_PIIKEYMAP B WHERE  B.KEY_NAME = ''KEY_ACTID'' AND B.KEYMAP_ID = ''#KEYMAP_ID'' AND B.BASEDATE = TO_DATE(''#BASEDATE'',''yyyy/mm/dd'') AND A.ACTID = B.VAL1','#KEYMAP_ID','KEY_ADRID','ADRID','B.KEY_NAME = ''KEY_ADRID'' AND B.KEYMAP_ID = ''#KEYMAP_ID'' AND B.BASEDATE = TO_DATE(''#BASEDATE'',''yyyy/mm/dd'') AND A.#WHERECOL1 = B.VAL1','AUTO','2026-04-25 12:27:05','2026-04-25 12:27:05','admin','admin',NULL,NULL,NULL,NULL,NULL,NULL,NULL),
	 ('TESTDATA_AUTO_GEN_FIXED','1','GEN_KEYMAP','DAON','COOWNSER','SINDOSBIMITRRUB',NULL,NULL,'KEYMAP',NULL,NULL,NULL,NULL,10,1400,1,NULL,'SIN번호','DOSID','KEY_DOSID',4,NULL,'SELECT ''#KEYMAP_ID'',''DAON'',''KEY_SINID'', TO_DATE(''#BASEDATE'',''yyyy/mm/dd''), B.CUSTID, A.SINID , EXPECTED_ARC_DEL_DATE FROM COOWNSER.SINDOSBIMITRRUB A, COTDL.TBL_PIIKEYMAP B WHERE  B.KEY_NAME = ''KEY_DOSID'' AND B.KEYMAP_ID = ''#KEYMAP_ID'' AND B.BASEDATE = TO_DATE(''#BASEDATE'',''yyyy/mm/dd'') AND A.DOSID = B.VAL1','INSERT INTO COTDL.TBL_PIIKEYMAP(KEYMAP_ID, DB, KEY_NAME, BASEDATE, CUSTID, VAL1, EXPECTED_ARC_DEL_DATE) SELECT ''#KEYMAP_ID'',''DAON'',''KEY_SINID'', TO_DATE(''#BASEDATE'',''yyyy/mm/dd''), B.CUSTID, A.SINID , EXPECTED_ARC_DEL_DATE FROM COOWNSER.SINDOSBIMITRRUB A, COTDL.TBL_PIIKEYMAP B WHERE  B.KEY_NAME = ''KEY_DOSID'' AND B.KEYMAP_ID = ''#KEYMAP_ID'' AND B.BASEDATE = TO_DATE(''#BASEDATE'',''yyyy/mm/dd'') AND A.DOSID = B.VAL1','#KEYMAP_ID','KEY_SINID','SINID','B.KEY_NAME = ''KEY_SINID'' AND B.KEYMAP_ID = ''#KEYMAP_ID'' AND B.BASEDATE = TO_DATE(''#BASEDATE'',''yyyy/mm/dd'') AND A.#WHERECOL1 = B.VAL1','AUTO','2026-04-25 12:27:05','2026-04-25 12:27:05','admin','admin',NULL,NULL,NULL,NULL,NULL,NULL,NULL),
	 ('TESTDATA_AUTO_GEN_FIXED','1','GEN_KEYMAP','DAON','COOWNSER','DOSACTTELVIRTUAL',NULL,NULL,'KEYMAP',NULL,NULL,NULL,NULL,10,1500,1,NULL,'TPV번호','DOSID','KEY_DOSID',4,NULL,'SELECT ''#KEYMAP_ID'',''DAON'',''KEY_TPVID'', TO_DATE(''#BASEDATE'',''yyyy/mm/dd''), B.CUSTID, A.TPVID , EXPECTED_ARC_DEL_DATE FROM COOWNSER.DOSACTTELVIRTUAL A, COTDL.TBL_PIIKEYMAP B WHERE  B.KEY_NAME = ''KEY_DOSID'' AND B.KEYMAP_ID = ''#KEYMAP_ID'' AND B.BASEDATE = TO_DATE(''#BASEDATE'',''yyyy/mm/dd'') AND A.DOSID = B.VAL1','INSERT INTO COTDL.TBL_PIIKEYMAP(KEYMAP_ID, DB, KEY_NAME, BASEDATE, CUSTID, VAL1, EXPECTED_ARC_DEL_DATE) SELECT ''#KEYMAP_ID'',''DAON'',''KEY_TPVID'', TO_DATE(''#BASEDATE'',''yyyy/mm/dd''), B.CUSTID, A.TPVID , EXPECTED_ARC_DEL_DATE FROM COOWNSER.DOSACTTELVIRTUAL A, COTDL.TBL_PIIKEYMAP B WHERE  B.KEY_NAME = ''KEY_DOSID'' AND B.KEYMAP_ID = ''#KEYMAP_ID'' AND B.BASEDATE = TO_DATE(''#BASEDATE'',''yyyy/mm/dd'') AND A.DOSID = B.VAL1','#KEYMAP_ID','KEY_TPVID','TPVID','B.KEY_NAME = ''KEY_TPVID'' AND B.KEYMAP_ID = ''#KEYMAP_ID'' AND B.BASEDATE = TO_DATE(''#BASEDATE'',''yyyy/mm/dd'') AND A.#WHERECOL1 = B.VAL1','AUTO','2026-04-25 12:27:05','2026-04-25 12:27:05','admin','admin',NULL,NULL,NULL,NULL,NULL,NULL,NULL),
	 ('TESTDATA_AUTO_GEN_FIXED','1','GEN_KEYMAP','DAON','COOWNSER','CCHVALUE',NULL,NULL,'KEYMAP',NULL,NULL,NULL,NULL,10,1600,100,NULL,'CVA번호','DOSID','KEY_DOSID',4,NULL,'SELECT ''#KEYMAP_ID'',''DAON'',''KEY_CVAID'', TO_DATE(''#BASEDATE'',''yyyy/mm/dd''), B.CUSTID, A.CVAID , EXPECTED_ARC_DEL_DATE FROM COOWNSER.CCHVALUE A, COTDL.TBL_PIIKEYMAP B WHERE  B.KEY_NAME = ''KEY_DOSID'' AND B.KEYMAP_ID = ''#KEYMAP_ID'' AND B.BASEDATE = TO_DATE(''#BASEDATE'',''yyyy/mm/dd'') AND A.DOSID = B.VAL1','INSERT INTO COTDL.TBL_PIIKEYMAP_TMP(KEYMAP_ID, DB, KEY_NAME, BASEDATE, CUSTID, VAL1, EXPECTED_ARC_DEL_DATE) SELECT ''#KEYMAP_ID'',''DAON'',''KEY_CVAID'', TO_DATE(''#BASEDATE'',''yyyy/mm/dd''), B.CUSTID, A.CVAID , EXPECTED_ARC_DEL_DATE FROM COOWNSER.CCHVALUE A, COTDL.TBL_PIIKEYMAP B WHERE  B.KEY_NAME = ''KEY_DOSID'' AND B.KEYMAP_ID = ''#KEYMAP_ID'' AND B.BASEDATE = TO_DATE(''#BASEDATE'',''yyyy/mm/dd'') AND A.DOSID = B.VAL1','#KEYMAP_ID','KEY_CVAID','CVAID','B.KEY_NAME = ''KEY_CVAID'' AND B.KEYMAP_ID = ''#KEYMAP_ID'' AND B.BASEDATE = TO_DATE(''#BASEDATE'',''yyyy/mm/dd'') AND A.#WHERECOL1 = B.VAL1','AUTO','2026-04-25 12:27:05','2026-04-25 12:27:05','admin','admin',NULL,NULL,NULL,NULL,NULL,NULL,NULL);
INSERT INTO COTDL.TBL_PIISTEPTABLE (JOBID,VERSION,STEPID,DB,OWNER,TABLE_NAME,PAGITYPE,PAGITYPEDETAIL,EXETYPE,ARCHIVEFLAG,STATUS,`PRECEDING`,SUCCEDDING,SEQ1,SEQ2,SEQ3,PIPELINE,PK_COL,WHERE_COL,WHERE_KEY_NAME,PARALLELCNT,COMMITCNT,WHERESTR,SQLSTR,KEYMAP_ID,KEY_NAME,KEY_COLS,KEY_REFSTR,SQLTYPE,REGDATE,UPDDATE,REGUSERID,UPDUSERID,HINTSELECT,HINTINSERT,UVAL1,UVAL2,UVAL3,UVAL4,UVAL5) VALUES
	 ('TESTDATA_AUTO_GEN_FIXED','1','GEN_KEYMAP','DAON','COOWNSER','CCHVALUE',NULL,NULL,'KEYMAP',NULL,NULL,NULL,NULL,10,1600,110,NULL,'CVA번호','DOSIDPROSPECT','KEY_DOSID',4,NULL,'SELECT ''#KEYMAP_ID'',''DAON'',''KEY_CVAID'', TO_DATE(''#BASEDATE'',''yyyy/mm/dd''), B.CUSTID, A.CVAID , EXPECTED_ARC_DEL_DATE FROM COOWNSER.CCHVALUE A, COTDL.TBL_PIIKEYMAP B WHERE  B.KEY_NAME = ''KEY_DOSID'' AND B.KEYMAP_ID = ''#KEYMAP_ID'' AND B.BASEDATE = TO_DATE(''#BASEDATE'',''yyyy/mm/dd'') AND A.DOSIDPROSPECT = B.VAL1','INSERT INTO COTDL.TBL_PIIKEYMAP_TMP(KEYMAP_ID, DB, KEY_NAME, BASEDATE, CUSTID, VAL1, EXPECTED_ARC_DEL_DATE) SELECT ''#KEYMAP_ID'',''DAON'',''KEY_CVAID'', TO_DATE(''#BASEDATE'',''yyyy/mm/dd''), B.CUSTID, A.CVAID , EXPECTED_ARC_DEL_DATE FROM COOWNSER.CCHVALUE A, COTDL.TBL_PIIKEYMAP B WHERE  B.KEY_NAME = ''KEY_DOSID'' AND B.KEYMAP_ID = ''#KEYMAP_ID'' AND B.BASEDATE = TO_DATE(''#BASEDATE'',''yyyy/mm/dd'') AND A.DOSIDPROSPECT = B.VAL1','#KEYMAP_ID','KEY_CVAID','CVAID','B.KEY_NAME = ''KEY_CVAID'' AND B.KEYMAP_ID = ''#KEYMAP_ID'' AND B.BASEDATE = TO_DATE(''#BASEDATE'',''yyyy/mm/dd'') AND A.#WHERECOL1 = B.VAL1','AUTO','2026-04-25 12:27:05','2026-04-25 12:27:05','admin','admin',NULL,NULL,NULL,NULL,NULL,NULL,NULL),
	 ('TESTDATA_AUTO_GEN_FIXED','1','GEN_KEYMAP','DAON','COOWNSER','CCHVALUE',NULL,NULL,'KEYMAP',NULL,NULL,NULL,NULL,10,1600,120,NULL,'CVA번호','ACTID','KEY_ACTID',4,NULL,'SELECT ''#KEYMAP_ID'',''DAON'',''KEY_CVAID'', TO_DATE(''#BASEDATE'',''yyyy/mm/dd''), B.CUSTID, A.CVAID , EXPECTED_ARC_DEL_DATE FROM COOWNSER.CCHVALUE A, COTDL.TBL_PIIKEYMAP B WHERE  B.KEY_NAME = ''KEY_ACTID'' AND B.KEYMAP_ID = ''#KEYMAP_ID'' AND B.BASEDATE = TO_DATE(''#BASEDATE'',''yyyy/mm/dd'') AND A.ACTID = B.VAL1','INSERT INTO COTDL.TBL_PIIKEYMAP_TMP(KEYMAP_ID, DB, KEY_NAME, BASEDATE, CUSTID, VAL1, EXPECTED_ARC_DEL_DATE) SELECT ''#KEYMAP_ID'',''DAON'',''KEY_CVAID'', TO_DATE(''#BASEDATE'',''yyyy/mm/dd''), B.CUSTID, A.CVAID , EXPECTED_ARC_DEL_DATE FROM COOWNSER.CCHVALUE A, COTDL.TBL_PIIKEYMAP B WHERE  B.KEY_NAME = ''KEY_ACTID'' AND B.KEYMAP_ID = ''#KEYMAP_ID'' AND B.BASEDATE = TO_DATE(''#BASEDATE'',''yyyy/mm/dd'') AND A.ACTID = B.VAL1','#KEYMAP_ID','KEY_CVAID','CVAID','B.KEY_NAME = ''KEY_CVAID'' AND B.KEYMAP_ID = ''#KEYMAP_ID'' AND B.BASEDATE = TO_DATE(''#BASEDATE'',''yyyy/mm/dd'') AND A.#WHERECOL1 = B.VAL1','AUTO','2026-04-25 12:27:05','2026-04-25 12:27:05','admin','admin',NULL,NULL,NULL,NULL,NULL,NULL,NULL),
	 ('TESTDATA_AUTO_GEN_FIXED','1','GEN_KEYMAP','DAON','COTDL','TBL_PIIKEYMAP_TMP',NULL,NULL,'KEYMAP',NULL,NULL,NULL,NULL,10,1600,999,NULL,'CVA번호','','',4,NULL,'SELECT DISTINCT ''#KEYMAP_ID'',''DAON'',''KEY_CVAID'', TO_DATE(''#BASEDATE'',''yyyy/mm/dd''), A.CUSTID, A.VAL1 , EXPECTED_ARC_DEL_DATE FROM COTDL.TBL_PIIKEYMAP_TMP A WHERE DB = ''DAON'' AND KEY_NAME = ''KEY_CVAID'' AND KEYMAP_ID = ''#KEYMAP_ID'' AND BASEDATE =TO_DATE(''#BASEDATE'',''yyyy/mm/dd'')','INSERT INTO COTDL.TBL_PIIKEYMAP(KEYMAP_ID, DB, KEY_NAME, BASEDATE, CUSTID, VAL1, EXPECTED_ARC_DEL_DATE) SELECT DISTINCT ''#KEYMAP_ID'',''DAON'',''KEY_CVAID'', TO_DATE(''#BASEDATE'',''yyyy/mm/dd''), A.CUSTID, A.VAL1 , EXPECTED_ARC_DEL_DATE FROM COTDL.TBL_PIIKEYMAP_TMP A WHERE DB = ''DAON'' AND KEY_NAME = ''KEY_CVAID'' AND KEYMAP_ID = ''#KEYMAP_ID'' AND BASEDATE =TO_DATE(''#BASEDATE'',''yyyy/mm/dd'')','#KEYMAP_ID','KEY_CVAID','CVAID','B.KEY_NAME = ''KEY_CVAID'' AND B.KEYMAP_ID = ''#KEYMAP_ID'' AND B.BASEDATE = TO_DATE(''#BASEDATE'',''yyyy/mm/dd'') AND A.#WHERECOL1 = B.VAL1','AUTO','2026-04-25 12:27:05','2026-04-25 12:27:05','admin','admin',NULL,NULL,NULL,NULL,NULL,NULL,NULL),
	 ('TESTDATA_AUTO_GEN_FIXED','1','GEN_KEYMAP','DAON','COOWNSER','DOCUMENTMANAGEMENT',NULL,NULL,'KEYMAP',NULL,NULL,NULL,NULL,10,1700,100,NULL,'문서번호','DOSID','KEY_DOSID',4,NULL,'SELECT ''#KEYMAP_ID'',''DAON'',''KEY_DMAID'', TO_DATE(''#BASEDATE'',''yyyy/mm/dd''), B.CUSTID, A.DMAID , EXPECTED_ARC_DEL_DATE FROM COOWNSER.DOCUMENTMANAGEMENT A, COTDL.TBL_PIIKEYMAP B WHERE  B.KEY_NAME = ''KEY_DOSID'' AND B.KEYMAP_ID = ''#KEYMAP_ID'' AND B.BASEDATE = TO_DATE(''#BASEDATE'',''yyyy/mm/dd'') AND A.DOSID = B.VAL1','INSERT INTO COTDL.TBL_PIIKEYMAP_TMP(KEYMAP_ID, DB, KEY_NAME, BASEDATE, CUSTID, VAL1, EXPECTED_ARC_DEL_DATE) SELECT ''#KEYMAP_ID'',''DAON'',''KEY_DMAID'', TO_DATE(''#BASEDATE'',''yyyy/mm/dd''), B.CUSTID, A.DMAID , EXPECTED_ARC_DEL_DATE FROM COOWNSER.DOCUMENTMANAGEMENT A, COTDL.TBL_PIIKEYMAP B WHERE  B.KEY_NAME = ''KEY_DOSID'' AND B.KEYMAP_ID = ''#KEYMAP_ID'' AND B.BASEDATE = TO_DATE(''#BASEDATE'',''yyyy/mm/dd'') AND A.DOSID = B.VAL1','#KEYMAP_ID','KEY_DMAID','DMAID','B.KEY_NAME = ''KEY_DMAID'' AND B.KEYMAP_ID = ''#KEYMAP_ID'' AND B.BASEDATE = TO_DATE(''#BASEDATE'',''yyyy/mm/dd'') AND A.#WHERECOL1 = B.VAL1','AUTO','2026-04-25 12:27:05','2026-04-25 12:27:05','admin','admin',NULL,NULL,NULL,NULL,NULL,NULL,NULL),
	 ('TESTDATA_AUTO_GEN_FIXED','1','GEN_KEYMAP','DAON','COOWNSER','DOCUMENTMANAGEMENT',NULL,NULL,'KEYMAP',NULL,NULL,NULL,NULL,10,1700,110,NULL,'문서번호','ACTID','KEY_ACTID',4,NULL,'SELECT ''#KEYMAP_ID'',''DAON'',''KEY_DMAID'', TO_DATE(''#BASEDATE'',''yyyy/mm/dd''), B.CUSTID, A.DMAID , EXPECTED_ARC_DEL_DATE FROM COOWNSER.DOCUMENTMANAGEMENT A, COTDL.TBL_PIIKEYMAP B WHERE  B.KEY_NAME = ''KEY_ACTID'' AND B.KEYMAP_ID = ''#KEYMAP_ID'' AND B.BASEDATE = TO_DATE(''#BASEDATE'',''yyyy/mm/dd'') AND A.ACTID = B.VAL1','INSERT INTO COTDL.TBL_PIIKEYMAP_TMP(KEYMAP_ID, DB, KEY_NAME, BASEDATE, CUSTID, VAL1, EXPECTED_ARC_DEL_DATE) SELECT ''#KEYMAP_ID'',''DAON'',''KEY_DMAID'', TO_DATE(''#BASEDATE'',''yyyy/mm/dd''), B.CUSTID, A.DMAID , EXPECTED_ARC_DEL_DATE FROM COOWNSER.DOCUMENTMANAGEMENT A, COTDL.TBL_PIIKEYMAP B WHERE  B.KEY_NAME = ''KEY_ACTID'' AND B.KEYMAP_ID = ''#KEYMAP_ID'' AND B.BASEDATE = TO_DATE(''#BASEDATE'',''yyyy/mm/dd'') AND A.ACTID = B.VAL1','#KEYMAP_ID','KEY_DMAID','DMAID','B.KEY_NAME = ''KEY_DMAID'' AND B.KEYMAP_ID = ''#KEYMAP_ID'' AND B.BASEDATE = TO_DATE(''#BASEDATE'',''yyyy/mm/dd'') AND A.#WHERECOL1 = B.VAL1','AUTO','2026-04-25 12:27:05','2026-04-25 12:27:05','admin','admin',NULL,NULL,NULL,NULL,NULL,NULL,NULL),
	 ('TESTDATA_AUTO_GEN_FIXED','1','GEN_KEYMAP','DAON','COTDL','TBL_PIIKEYMAP_TMP',NULL,NULL,'KEYMAP',NULL,NULL,NULL,NULL,10,1700,999,NULL,'문서번호','','',4,NULL,'SELECT DISTINCT ''#KEYMAP_ID'',''DAON'',''KEY_DMAID'', TO_DATE(''#BASEDATE'',''yyyy/mm/dd''), A.CUSTID, A.VAL1 , EXPECTED_ARC_DEL_DATE FROM COTDL.TBL_PIIKEYMAP_TMP A WHERE DB = ''DAON'' AND KEY_NAME = ''KEY_DMAID'' AND KEYMAP_ID = ''#KEYMAP_ID'' AND BASEDATE =TO_DATE(''#BASEDATE'',''yyyy/mm/dd'')','INSERT INTO COTDL.TBL_PIIKEYMAP(KEYMAP_ID, DB, KEY_NAME, BASEDATE, CUSTID, VAL1, EXPECTED_ARC_DEL_DATE) SELECT DISTINCT ''#KEYMAP_ID'',''DAON'',''KEY_DMAID'', TO_DATE(''#BASEDATE'',''yyyy/mm/dd''), A.CUSTID, A.VAL1 , EXPECTED_ARC_DEL_DATE FROM COTDL.TBL_PIIKEYMAP_TMP A WHERE DB = ''DAON'' AND KEY_NAME = ''KEY_DMAID'' AND KEYMAP_ID = ''#KEYMAP_ID'' AND BASEDATE =TO_DATE(''#BASEDATE'',''yyyy/mm/dd'')','#KEYMAP_ID','KEY_DMAID','DMAID','B.KEY_NAME = ''KEY_DMAID'' AND B.KEYMAP_ID = ''#KEYMAP_ID'' AND B.BASEDATE = TO_DATE(''#BASEDATE'',''yyyy/mm/dd'') AND A.#WHERECOL1 = B.VAL1','AUTO','2026-04-25 12:27:05','2026-04-25 12:27:05','admin','admin',NULL,NULL,NULL,NULL,NULL,NULL,NULL),
	 ('TESTDATA_AUTO_GEN_FIXED','1','GEN_KEYMAP','DAON','COOWNSER','ANALYSIS',NULL,NULL,'KEYMAP','','',NULL,NULL,10,1800,100,NULL,'심사번호','DOSID','KEY_DOSID',NULL,NULL,'SELECT ''#KEYMAP_ID'',''DAON'',''KEY_ANAID'', TO_DATE(''#BASEDATE'',''yyyy/mm/dd''), B.CUSTID, A.ANAID , EXPECTED_ARC_DEL_DATE FROM COOWNSER.ANALYSIS A, COTDL.TBL_PIIKEYMAP B WHERE  B.KEY_NAME = ''KEY_DOSID'' AND B.KEYMAP_ID = ''#KEYMAP_ID'' AND B.BASEDATE = TO_DATE(''#BASEDATE'',''yyyy/mm/dd'') AND A.DOSID = B.VAL1','INSERT INTO COTDL.TBL_PIIKEYMAP_TMP(KEYMAP_ID, DB, KEY_NAME, BASEDATE, CUSTID, VAL1, EXPECTED_ARC_DEL_DATE) SELECT ''#KEYMAP_ID'',''DAON'',''KEY_ANAID'', TO_DATE(''#BASEDATE'',''yyyy/mm/dd''), B.CUSTID, A.ANAID , EXPECTED_ARC_DEL_DATE FROM COOWNSER.ANALYSIS A, COTDL.TBL_PIIKEYMAP B WHERE  B.KEY_NAME = ''KEY_DOSID'' AND B.KEYMAP_ID = ''#KEYMAP_ID'' AND B.BASEDATE = TO_DATE(''#BASEDATE'',''yyyy/mm/dd'') AND A.DOSID = B.VAL1','#KEYMAP_ID','KEY_ANAID','ANAID','B.KEY_NAME = ''KEY_ANAID'' AND B.KEYMAP_ID = ''#KEYMAP_ID'' AND B.BASEDATE = TO_DATE(''#BASEDATE'',''yyyy/mm/dd'') AND A.#WHERECOL1 = B.VAL1','AUTO','2026-04-25 12:27:05','2026-04-25 12:27:05','admin','admin',NULL,NULL,NULL,NULL,NULL,NULL,NULL),
	 ('TESTDATA_AUTO_GEN_FIXED','1','GEN_KEYMAP','DAON','COTDL','TBL_PIIKEYMAP_TMP',NULL,NULL,'KEYMAP',NULL,NULL,NULL,NULL,10,1800,999,NULL,'심사번호','','',4,NULL,'SELECT DISTINCT ''#KEYMAP_ID'',''DAON'',''KEY_ANAID'', TO_DATE(''#BASEDATE'',''yyyy/mm/dd''), A.CUSTID, A.VAL1 , EXPECTED_ARC_DEL_DATE FROM COTDL.TBL_PIIKEYMAP_TMP A WHERE DB = ''DAON'' AND KEY_NAME = ''KEY_ANAID'' AND KEYMAP_ID = ''#KEYMAP_ID'' AND BASEDATE =TO_DATE(''#BASEDATE'',''yyyy/mm/dd'')','INSERT INTO COTDL.TBL_PIIKEYMAP(KEYMAP_ID, DB, KEY_NAME, BASEDATE, CUSTID, VAL1, EXPECTED_ARC_DEL_DATE) SELECT DISTINCT ''#KEYMAP_ID'',''DAON'',''KEY_ANAID'', TO_DATE(''#BASEDATE'',''yyyy/mm/dd''), A.CUSTID, A.VAL1 , EXPECTED_ARC_DEL_DATE FROM COTDL.TBL_PIIKEYMAP_TMP A WHERE DB = ''DAON'' AND KEY_NAME = ''KEY_ANAID'' AND KEYMAP_ID = ''#KEYMAP_ID'' AND BASEDATE =TO_DATE(''#BASEDATE'',''yyyy/mm/dd'')','#KEYMAP_ID','KEY_ANAID','ANAID','B.KEY_NAME = ''KEY_ANAID'' AND B.KEYMAP_ID = ''#KEYMAP_ID'' AND B.BASEDATE = TO_DATE(''#BASEDATE'',''yyyy/mm/dd'') AND A.#WHERECOL1 = B.VAL1','AUTO','2026-04-25 12:27:05','2026-04-25 12:27:05','admin','admin',NULL,NULL,NULL,NULL,NULL,NULL,NULL),
	 ('TESTDATA_AUTO_GEN_FIXED','1','GEN_KEYMAP','DAON','COOWNSER','CHARGEOFF',NULL,NULL,'KEYMAP',NULL,NULL,NULL,NULL,10,1900,1,NULL,'재무번호','DOSID','KEY_DOSID',4,NULL,'SELECT ''#KEYMAP_ID'',''DAON'',''KEY_COFID'', TO_DATE(''#BASEDATE'',''yyyy/mm/dd''), B.CUSTID, A.COFID , EXPECTED_ARC_DEL_DATE FROM COOWNSER.CHARGEOFF A, COTDL.TBL_PIIKEYMAP B WHERE  B.KEY_NAME = ''KEY_DOSID'' AND B.KEYMAP_ID = ''#KEYMAP_ID'' AND B.BASEDATE = TO_DATE(''#BASEDATE'',''yyyy/mm/dd'') AND A.DOSID = B.VAL1','INSERT INTO COTDL.TBL_PIIKEYMAP(KEYMAP_ID, DB, KEY_NAME, BASEDATE, CUSTID, VAL1, EXPECTED_ARC_DEL_DATE) SELECT ''#KEYMAP_ID'',''DAON'',''KEY_COFID'', TO_DATE(''#BASEDATE'',''yyyy/mm/dd''), B.CUSTID, A.COFID , EXPECTED_ARC_DEL_DATE FROM COOWNSER.CHARGEOFF A, COTDL.TBL_PIIKEYMAP B WHERE  B.KEY_NAME = ''KEY_DOSID'' AND B.KEYMAP_ID = ''#KEYMAP_ID'' AND B.BASEDATE = TO_DATE(''#BASEDATE'',''yyyy/mm/dd'') AND A.DOSID = B.VAL1','#KEYMAP_ID','KEY_COFID','COFID','B.KEY_NAME = ''KEY_COFID'' AND B.KEYMAP_ID = ''#KEYMAP_ID'' AND B.BASEDATE = TO_DATE(''#BASEDATE'',''yyyy/mm/dd'') AND A.#WHERECOL1 = B.VAL1','AUTO','2026-04-25 12:27:05','2026-04-25 12:27:05','admin','admin',NULL,NULL,NULL,NULL,NULL,NULL,NULL),
	 ('TESTDATA_AUTO_GEN_FIXED','1','GEN_KEYMAP','DAON','COOWNSER','TWORKOUT',NULL,NULL,'KEYMAP',NULL,NULL,NULL,NULL,10,2000,1,NULL,'TWO번호','DOSID','KEY_DOSID',4,NULL,'SELECT ''#KEYMAP_ID'',''DAON'',''KEY_TWOID'', TO_DATE(''#BASEDATE'',''yyyy/mm/dd''), B.CUSTID, A.TWOID , EXPECTED_ARC_DEL_DATE FROM COOWNSER.TWORKOUT A, COTDL.TBL_PIIKEYMAP B WHERE  B.KEY_NAME = ''KEY_DOSID'' AND B.KEYMAP_ID = ''#KEYMAP_ID'' AND B.BASEDATE = TO_DATE(''#BASEDATE'',''yyyy/mm/dd'') AND A.DOSID = B.VAL1','INSERT INTO COTDL.TBL_PIIKEYMAP(KEYMAP_ID, DB, KEY_NAME, BASEDATE, CUSTID, VAL1, EXPECTED_ARC_DEL_DATE) SELECT ''#KEYMAP_ID'',''DAON'',''KEY_TWOID'', TO_DATE(''#BASEDATE'',''yyyy/mm/dd''), B.CUSTID, A.TWOID , EXPECTED_ARC_DEL_DATE FROM COOWNSER.TWORKOUT A, COTDL.TBL_PIIKEYMAP B WHERE  B.KEY_NAME = ''KEY_DOSID'' AND B.KEYMAP_ID = ''#KEYMAP_ID'' AND B.BASEDATE = TO_DATE(''#BASEDATE'',''yyyy/mm/dd'') AND A.DOSID = B.VAL1','#KEYMAP_ID','KEY_TWOID','TWOID','B.KEY_NAME = ''KEY_TWOID'' AND B.KEYMAP_ID = ''#KEYMAP_ID'' AND B.BASEDATE = TO_DATE(''#BASEDATE'',''yyyy/mm/dd'') AND A.#WHERECOL1 = B.VAL1','AUTO','2026-04-25 12:27:05','2026-04-25 12:27:05','admin','admin',NULL,NULL,NULL,NULL,NULL,NULL,NULL);
INSERT INTO COTDL.TBL_PIISTEPTABLE (JOBID,VERSION,STEPID,DB,OWNER,TABLE_NAME,PAGITYPE,PAGITYPEDETAIL,EXETYPE,ARCHIVEFLAG,STATUS,`PRECEDING`,SUCCEDDING,SEQ1,SEQ2,SEQ3,PIPELINE,PK_COL,WHERE_COL,WHERE_KEY_NAME,PARALLELCNT,COMMITCNT,WHERESTR,SQLSTR,KEYMAP_ID,KEY_NAME,KEY_COLS,KEY_REFSTR,SQLTYPE,REGDATE,UPDDATE,REGUSERID,UPDUSERID,HINTSELECT,HINTINSERT,UVAL1,UVAL2,UVAL3,UVAL4,UVAL5) VALUES
	 ('TESTDATA_AUTO_GEN_FIXED','1','GEN_KEYMAP','DAON','COOWNSER','DOSSIER',NULL,NULL,'KEYMAP',NULL,NULL,NULL,NULL,10,2100,1,NULL,'계약번호','DOSID','KEY_DOSID',4,NULL,'SELECT ''#KEYMAP_ID'',''DAON'',''KEY_DOSNUM'', TO_DATE(''#BASEDATE'',''yyyy/mm/dd''), B.CUSTID, A.DOSNUM , EXPECTED_ARC_DEL_DATE FROM COOWNSER.DOSSIER A, COTDL.TBL_PIIKEYMAP B WHERE  B.KEY_NAME = ''KEY_DOSID'' AND B.KEYMAP_ID = ''#KEYMAP_ID'' AND B.BASEDATE = TO_DATE(''#BASEDATE'',''yyyy/mm/dd'') AND A.DOSID = B.VAL1','INSERT INTO COTDL.TBL_PIIKEYMAP(KEYMAP_ID, DB, KEY_NAME, BASEDATE, CUSTID, VAL1, EXPECTED_ARC_DEL_DATE) SELECT ''#KEYMAP_ID'',''DAON'',''KEY_DOSNUM'', TO_DATE(''#BASEDATE'',''yyyy/mm/dd''), B.CUSTID, A.DOSNUM , EXPECTED_ARC_DEL_DATE FROM COOWNSER.DOSSIER A, COTDL.TBL_PIIKEYMAP B WHERE  B.KEY_NAME = ''KEY_DOSID'' AND B.KEYMAP_ID = ''#KEYMAP_ID'' AND B.BASEDATE = TO_DATE(''#BASEDATE'',''yyyy/mm/dd'') AND A.DOSID = B.VAL1','#KEYMAP_ID','KEY_DOSNUM','DOSNUM','B.KEY_NAME = ''KEY_DOSNUM'' AND B.KEYMAP_ID = ''#KEYMAP_ID'' AND B.BASEDATE = TO_DATE(''#BASEDATE'',''yyyy/mm/dd'') AND A.#WHERECOL1 = B.VAL1','AUTO','2026-04-25 12:27:05','2026-04-25 12:27:05','admin','admin',NULL,NULL,NULL,NULL,NULL,NULL,NULL),
	 ('TESTDATA_AUTO_GEN_FIXED','1','GEN_KEYMAP','DAON','COOWNSER','ACTEUR',NULL,NULL,'KEYMAP',NULL,NULL,NULL,NULL,10,2200,1,NULL,'고객번호','ACTID','KEY_ACTID',4,NULL,'SELECT ''#KEYMAP_ID'',''DAON'',''KEY_ACTCODE'', TO_DATE(''#BASEDATE'',''yyyy/mm/dd''), B.CUSTID, A.ACTCODE , EXPECTED_ARC_DEL_DATE FROM COOWNSER.ACTEUR A, COTDL.TBL_PIIKEYMAP B WHERE  B.KEY_NAME = ''KEY_ACTID'' AND B.KEYMAP_ID = ''#KEYMAP_ID'' AND B.BASEDATE = TO_DATE(''#BASEDATE'',''yyyy/mm/dd'') AND A.ACTID = B.VAL1','INSERT INTO COTDL.TBL_PIIKEYMAP(KEYMAP_ID, DB, KEY_NAME, BASEDATE, CUSTID, VAL1, EXPECTED_ARC_DEL_DATE) SELECT ''#KEYMAP_ID'',''DAON'',''KEY_ACTCODE'', TO_DATE(''#BASEDATE'',''yyyy/mm/dd''), B.CUSTID, A.ACTCODE , EXPECTED_ARC_DEL_DATE FROM COOWNSER.ACTEUR A, COTDL.TBL_PIIKEYMAP B WHERE  B.KEY_NAME = ''KEY_ACTID'' AND B.KEYMAP_ID = ''#KEYMAP_ID'' AND B.BASEDATE = TO_DATE(''#BASEDATE'',''yyyy/mm/dd'') AND A.ACTID = B.VAL1','#KEYMAP_ID','KEY_ACTCODE','ACTCODE','B.KEY_NAME = ''KEY_ACTCODE'' AND B.KEYMAP_ID = ''#KEYMAP_ID'' AND B.BASEDATE = TO_DATE(''#BASEDATE'',''yyyy/mm/dd'') AND A.#WHERECOL1 = B.VAL1','AUTO','2026-04-25 12:27:05','2026-04-25 12:27:05','admin','admin',NULL,NULL,NULL,NULL,NULL,NULL,NULL),
	 ('TESTDATA_AUTO_GEN_FIXED','1','GEN_KEYMAP','DAON','COOWNSER','REGIMPUTATION',NULL,NULL,'KEYMAP',NULL,NULL,NULL,NULL,10,2300,100,NULL,'입금상세','DOSID','KEY_DOSID',4,NULL,'SELECT ''#KEYMAP_ID'',''DAON'',''KEY_REGIMPUTATION'', TO_DATE(''#BASEDATE'',''yyyy/mm/dd''), B.CUSTID, A.REGID, A.RIMORDRE , EXPECTED_ARC_DEL_DATE FROM COOWNSER.REGIMPUTATION A, COTDL.TBL_PIIKEYMAP B WHERE  B.KEY_NAME = ''KEY_DOSID'' AND B.KEYMAP_ID = ''#KEYMAP_ID'' AND B.BASEDATE = TO_DATE(''#BASEDATE'',''yyyy/mm/dd'') AND A.DOSID = B.VAL1','INSERT INTO COTDL.TBL_PIIKEYMAP_TMP(KEYMAP_ID, DB, KEY_NAME, BASEDATE, CUSTID, VAL1, VAL2, EXPECTED_ARC_DEL_DATE) SELECT ''#KEYMAP_ID'',''DAON'',''KEY_REGIMPUTATION'', TO_DATE(''#BASEDATE'',''yyyy/mm/dd''), B.CUSTID, A.REGID, A.RIMORDRE , EXPECTED_ARC_DEL_DATE FROM COOWNSER.REGIMPUTATION A, COTDL.TBL_PIIKEYMAP B WHERE  B.KEY_NAME = ''KEY_DOSID'' AND B.KEYMAP_ID = ''#KEYMAP_ID'' AND B.BASEDATE = TO_DATE(''#BASEDATE'',''yyyy/mm/dd'') AND A.DOSID = B.VAL1','#KEYMAP_ID','KEY_REGIMPUTATION','REGID,RIMORDRE','B.KEY_NAME = ''KEY_REGIMPUTATION'' AND B.KEYMAP_ID = ''#KEYMAP_ID'' AND B.BASEDATE = TO_DATE(''#BASEDATE'',''yyyy/mm/dd'') AND A.#WHERECOL1 = B.VAL1 AND A.#WHERECOL2 = B.VAL2','AUTO','2026-04-25 12:27:05','2026-04-25 12:27:05','admin','admin',NULL,NULL,NULL,NULL,NULL,NULL,NULL),
	 ('TESTDATA_AUTO_GEN_FIXED','1','GEN_KEYMAP','DAON','COOWNSER','REGIMPUTATION',NULL,NULL,'KEYMAP',NULL,NULL,NULL,NULL,10,2300,110,NULL,'입금상세','FACID','KEY_FACID',4,NULL,'SELECT ''#KEYMAP_ID'',''DAON'',''KEY_REGIMPUTATION'', TO_DATE(''#BASEDATE'',''yyyy/mm/dd''), B.CUSTID, A.REGID, A.RIMORDRE , EXPECTED_ARC_DEL_DATE FROM COOWNSER.REGIMPUTATION A, COTDL.TBL_PIIKEYMAP B WHERE  B.KEY_NAME = ''KEY_FACID'' AND B.KEYMAP_ID = ''#KEYMAP_ID'' AND B.BASEDATE = TO_DATE(''#BASEDATE'',''yyyy/mm/dd'') AND A.FACID = B.VAL1','INSERT INTO COTDL.TBL_PIIKEYMAP_TMP(KEYMAP_ID, DB, KEY_NAME, BASEDATE, CUSTID, VAL1, VAL2, EXPECTED_ARC_DEL_DATE) SELECT ''#KEYMAP_ID'',''DAON'',''KEY_REGIMPUTATION'', TO_DATE(''#BASEDATE'',''yyyy/mm/dd''), B.CUSTID, A.REGID, A.RIMORDRE , EXPECTED_ARC_DEL_DATE FROM COOWNSER.REGIMPUTATION A, COTDL.TBL_PIIKEYMAP B WHERE  B.KEY_NAME = ''KEY_FACID'' AND B.KEYMAP_ID = ''#KEYMAP_ID'' AND B.BASEDATE = TO_DATE(''#BASEDATE'',''yyyy/mm/dd'') AND A.FACID = B.VAL1','#KEYMAP_ID','KEY_REGIMPUTATION','REGID,RIMORDRE','B.KEY_NAME = ''KEY_REGIMPUTATION'' AND B.KEYMAP_ID = ''#KEYMAP_ID'' AND B.BASEDATE = TO_DATE(''#BASEDATE'',''yyyy/mm/dd'') AND A.#WHERECOL1 = B.VAL1 AND A.#WHERECOL2 = B.VAL2','AUTO','2026-04-25 12:27:05','2026-04-25 12:27:05','admin','admin',NULL,NULL,NULL,NULL,NULL,NULL,NULL),
	 ('TESTDATA_AUTO_GEN_FIXED','1','GEN_KEYMAP','DAON','COOWNSER','REGIMPUTATION',NULL,NULL,'KEYMAP',NULL,NULL,NULL,NULL,10,2300,120,NULL,'입금상세','DEPID','KEY_DEPID',4,NULL,'SELECT ''#KEYMAP_ID'',''DAON'',''KEY_REGIMPUTATION'', TO_DATE(''#BASEDATE'',''yyyy/mm/dd''), B.CUSTID, A.REGID, A.RIMORDRE , EXPECTED_ARC_DEL_DATE FROM COOWNSER.REGIMPUTATION A, COTDL.TBL_PIIKEYMAP B WHERE  B.KEY_NAME = ''KEY_DEPID'' AND B.KEYMAP_ID = ''#KEYMAP_ID'' AND B.BASEDATE = TO_DATE(''#BASEDATE'',''yyyy/mm/dd'') AND A.DEPID = B.VAL1','INSERT INTO COTDL.TBL_PIIKEYMAP_TMP(KEYMAP_ID, DB, KEY_NAME, BASEDATE, CUSTID, VAL1, VAL2, EXPECTED_ARC_DEL_DATE) SELECT ''#KEYMAP_ID'',''DAON'',''KEY_REGIMPUTATION'', TO_DATE(''#BASEDATE'',''yyyy/mm/dd''), B.CUSTID, A.REGID, A.RIMORDRE , EXPECTED_ARC_DEL_DATE FROM COOWNSER.REGIMPUTATION A, COTDL.TBL_PIIKEYMAP B WHERE  B.KEY_NAME = ''KEY_DEPID'' AND B.KEYMAP_ID = ''#KEYMAP_ID'' AND B.BASEDATE = TO_DATE(''#BASEDATE'',''yyyy/mm/dd'') AND A.DEPID = B.VAL1','#KEYMAP_ID','KEY_REGIMPUTATION','REGID,RIMORDRE','B.KEY_NAME = ''KEY_REGIMPUTATION'' AND B.KEYMAP_ID = ''#KEYMAP_ID'' AND B.BASEDATE = TO_DATE(''#BASEDATE'',''yyyy/mm/dd'') AND A.#WHERECOL1 = B.VAL1 AND A.#WHERECOL2 = B.VAL2','AUTO','2026-04-25 12:27:05','2026-04-25 12:27:05','admin','admin',NULL,NULL,NULL,NULL,NULL,NULL,NULL),
	 ('TESTDATA_AUTO_GEN_FIXED','1','GEN_KEYMAP','DAON','COTDL','TBL_PIIKEYMAP_TMP',NULL,NULL,'KEYMAP',NULL,NULL,NULL,NULL,10,2300,999,NULL,'입금상세','','',4,NULL,'SELECT DISTINCT ''#KEYMAP_ID'',''DAON'',''KEY_REGIMPUTATION'', TO_DATE(''#BASEDATE'',''yyyy/mm/dd''), A.CUSTID, A.VAL1, A.VAL2 , EXPECTED_ARC_DEL_DATE FROM COTDL.TBL_PIIKEYMAP_TMP A WHERE DB = ''DAON'' AND KEY_NAME = ''KEY_REGIMPUTATION'' AND KEYMAP_ID = ''#KEYMAP_ID'' AND BASEDATE =TO_DATE(''#BASEDATE'',''yyyy/mm/dd'')','INSERT INTO COTDL.TBL_PIIKEYMAP(KEYMAP_ID, DB, KEY_NAME, BASEDATE, CUSTID, VAL1, VAL2, EXPECTED_ARC_DEL_DATE) SELECT DISTINCT ''#KEYMAP_ID'',''DAON'',''KEY_REGIMPUTATION'', TO_DATE(''#BASEDATE'',''yyyy/mm/dd''), A.CUSTID, A.VAL1, A.VAL2 , EXPECTED_ARC_DEL_DATE FROM COTDL.TBL_PIIKEYMAP_TMP A WHERE DB = ''DAON'' AND KEY_NAME = ''KEY_REGIMPUTATION'' AND KEYMAP_ID = ''#KEYMAP_ID'' AND BASEDATE =TO_DATE(''#BASEDATE'',''yyyy/mm/dd'')','#KEYMAP_ID','KEY_REGIMPUTATION','REGID,RIMORDRE','B.KEY_NAME = ''KEY_REGIMPUTATION'' AND B.KEYMAP_ID = ''#KEYMAP_ID'' AND B.BASEDATE = TO_DATE(''#BASEDATE'',''yyyy/mm/dd'') AND A.#WHERECOL1 = B.VAL1 AND A.#WHERECOL2 = B.VAL2','AUTO','2026-04-25 12:27:05','2026-04-25 12:27:05','admin','admin',NULL,NULL,NULL,NULL,NULL,NULL,NULL),
	 ('TESTDATA_AUTO_GEN_FIXED','1','GEN_KEYMAP','DAON','COOWNORG','CERTIFICATE',NULL,NULL,'KEYMAP','','',NULL,NULL,10,2310,1,NULL,'인증번호','ACTID','KEY_ACTID',NULL,NULL,'SELECT ''#KEYMAP_ID'',''DAON'',''KEY_CERID'', TO_DATE(''#BASEDATE'',''yyyy/mm/dd''), B.CUSTID, A.CERID, B.EXPECTED_ARC_DEL_DATE FROM COOWNORG.CERTIFICATE A, COTDL.TBL_PIIKEYMAP B WHERE B.KEY_NAME = ''KEY_ACTID'' AND B.KEYMAP_ID = ''#KEYMAP_ID'' AND B.BASEDATE = TO_DATE(''#BASEDATE'',''yyyy/mm/dd'') AND A.ACTID = B.VAL1','INSERT INTO COTDL.TBL_PIIKEYMAP(KEYMAP_ID, DB, KEY_NAME, BASEDATE, CUSTID, VAL1, EXPECTED_ARC_DEL_DATE) SELECT ''#KEYMAP_ID'',''DAON'',''KEY_CERID'', TO_DATE(''#BASEDATE'',''yyyy/mm/dd''), B.CUSTID, A.CERID, B.EXPECTED_ARC_DEL_DATE FROM COOWNORG.CERTIFICATE A, COTDL.TBL_PIIKEYMAP B WHERE B.KEY_NAME = ''KEY_ACTID'' AND B.KEYMAP_ID = ''#KEYMAP_ID'' AND B.BASEDATE = TO_DATE(''#BASEDATE'',''yyyy/mm/dd'') AND A.ACTID = B.VAL1','#KEYMAP_ID','KEY_CERID','CERID','B.KEY_NAME = ''KEY_CERID'' AND B.KEYMAP_ID = ''#KEYMAP_ID'' AND B.BASEDATE = TO_DATE(''#BASEDATE'',''yyyy/mm/dd'') AND A.#WHERECOL1 = B.VAL1','AUTO','2026-04-25 12:27:05','2026-04-25 12:27:05','admin','admin',NULL,NULL,NULL,NULL,NULL,NULL,NULL),
	 ('TESTDATA_AUTO_GEN_FIXED','1','GEN_MASTER_KEYMAP','DAOND','COTDL','TBL_PIIMASTERKEYMAP',NULL,'ADD','EXTRACT','','',NULL,NULL,1,10,10,NULL,'ACTID','','',NULL,NULL,NULL,'insert into COTDL.TBL_PIIMASTERKEYMAP
SELECT
#ORDERID,
DB,
SUBSTR(KEY_NAME, 5),
BASEDATE, CUSTID,
VAL1,
VAL2
from
COTDL.TBL_PIIKEYMAP
WHERE KEY_NAME = ''KEY_ACTID'' and KEYMAP_ID = ''#KEYMAP_ID''',NULL,NULL,NULL,'',NULL,'2026-04-25 12:27:05','2026-04-25 12:27:05','admin','admin',NULL,NULL,NULL,NULL,NULL,NULL,NULL),
	 ('TESTDATA_AUTO_GEN_FIXED','1','GEN_MASTER_KEYMAP','DAOND','COTDL','TBL_PIIMASTERKEYMAP',NULL,'ADD','EXTRACT','','',NULL,NULL,1,20,10,NULL,'DOSID','','',NULL,NULL,NULL,'insert into COTDL.TBL_PIIMASTERKEYMAP
SELECT 
#ORDERID,
DB,
SUBSTR(KEY_NAME, 5),
BASEDATE, CUSTID,
VAL1,
SEQ_DOSID.NEXTVAL
from 
COTDL.TBL_PIIKEYMAP
WHERE KEY_NAME = ''KEY_DOSID'' and KEYMAP_ID = ''#KEYMAP_ID''',NULL,NULL,NULL,'',NULL,'2026-04-25 12:27:05','2026-04-25 12:27:05','admin','admin',NULL,NULL,NULL,NULL,NULL,NULL,NULL),
	 ('TESTDATA_AUTO_GEN_FIXED','1','GEN_MASTER_KEYMAP','DAOND','COTDL','TBL_PIIMASTERKEYMAP',NULL,'ADD','EXTRACT','','',NULL,NULL,1,30,10,NULL,'ITRID','','',NULL,NULL,NULL,'insert into COTDL.TBL_PIIMASTERKEYMAP
SELECT 
#ORDERID,
DB,
SUBSTR(KEY_NAME, 5),
BASEDATE, CUSTID,
VAL1,
SEQ_ITRID.NEXTVAL
from 
COTDL.TBL_PIIKEYMAP
WHERE KEY_NAME = ''KEY_ITRID'' and KEYMAP_ID = ''#KEYMAP_ID''',NULL,NULL,NULL,'',NULL,'2026-04-25 12:27:05','2026-04-25 12:27:05','admin','admin',NULL,NULL,NULL,NULL,NULL,NULL,NULL);
INSERT INTO COTDL.TBL_PIISTEPTABLE (JOBID,VERSION,STEPID,DB,OWNER,TABLE_NAME,PAGITYPE,PAGITYPEDETAIL,EXETYPE,ARCHIVEFLAG,STATUS,`PRECEDING`,SUCCEDDING,SEQ1,SEQ2,SEQ3,PIPELINE,PK_COL,WHERE_COL,WHERE_KEY_NAME,PARALLELCNT,COMMITCNT,WHERESTR,SQLSTR,KEYMAP_ID,KEY_NAME,KEY_COLS,KEY_REFSTR,SQLTYPE,REGDATE,UPDDATE,REGUSERID,UPDUSERID,HINTSELECT,HINTINSERT,UVAL1,UVAL2,UVAL3,UVAL4,UVAL5) VALUES
	 ('TESTDATA_AUTO_GEN_FIXED','1','GEN_MASTER_KEYMAP','DAOND','COTDL','TBL_PIIMASTERKEYMAP',NULL,'ADD','EXTRACT','','',NULL,NULL,1,40,10,NULL,'PFIID','','',NULL,NULL,NULL,'insert into COTDL.TBL_PIIMASTERKEYMAP
SELECT 
#ORDERID,
DB,
SUBSTR(KEY_NAME, 5),
BASEDATE, CUSTID,
VAL1,
SEQ_PFIID.NEXTVAL
from 
COTDL.TBL_PIIKEYMAP
WHERE KEY_NAME = ''KEY_PFIID'' and KEYMAP_ID = ''#KEYMAP_ID''',NULL,NULL,NULL,'',NULL,'2026-04-25 12:27:05','2026-04-25 12:27:05','admin','admin',NULL,NULL,NULL,NULL,NULL,NULL,NULL),
	 ('TESTDATA_AUTO_GEN_FIXED','1','GEN_MASTER_KEYMAP','DAOND','COTDL','TBL_PIIMASTERKEYMAP',NULL,'ADD','EXTRACT','','',NULL,NULL,1,50,10,NULL,'RIBID','','',NULL,NULL,NULL,'insert into COTDL.TBL_PIIMASTERKEYMAP
SELECT 
#ORDERID,
DB,
SUBSTR(KEY_NAME, 5),
BASEDATE, CUSTID,
VAL1,
SEQ_RIBID.NEXTVAL
from 
COTDL.TBL_PIIKEYMAP
WHERE KEY_NAME = ''KEY_RIBID'' and KEYMAP_ID = ''#KEYMAP_ID''',NULL,NULL,NULL,'',NULL,'2026-04-25 12:27:05','2026-04-25 12:27:05','admin','admin',NULL,NULL,NULL,NULL,NULL,NULL,NULL),
	 ('TESTDATA_AUTO_GEN_FIXED','1','GEN_MASTER_KEYMAP','DAOND','COTDL','TBL_PIIMASTERKEYMAP',NULL,'ADD','EXTRACT','','',NULL,NULL,1,60,10,NULL,'ASSID','','',NULL,NULL,NULL,'insert into COTDL.TBL_PIIMASTERKEYMAP
SELECT 
#ORDERID,
DB,
SUBSTR(KEY_NAME, 5),
BASEDATE, CUSTID,
VAL1,
SEQ_ASSID.NEXTVAL
from 
COTDL.TBL_PIIKEYMAP
WHERE KEY_NAME = ''KEY_ASSID'' and KEYMAP_ID = ''#KEYMAP_ID''',NULL,NULL,NULL,'',NULL,'2026-04-25 12:27:05','2026-04-25 12:27:05','admin','admin',NULL,NULL,NULL,NULL,NULL,NULL,NULL),
	 ('TESTDATA_AUTO_GEN_FIXED','1','GEN_MASTER_KEYMAP','DAOND','COTDL','TBL_PIIMASTERKEYMAP',NULL,'ADD','EXTRACT','','',NULL,NULL,1,70,10,NULL,'BIMID','','',NULL,NULL,NULL,'insert into COTDL.TBL_PIIMASTERKEYMAP
SELECT 
#ORDERID,
DB,
SUBSTR(KEY_NAME, 5),
BASEDATE, CUSTID,
VAL1,
SEQ_BIMID.NEXTVAL
from 
COTDL.TBL_PIIKEYMAP
WHERE KEY_NAME = ''KEY_BIMID'' and KEYMAP_ID = ''#KEYMAP_ID''',NULL,NULL,NULL,'',NULL,'2026-04-25 12:27:05','2026-04-25 12:27:05','admin','admin',NULL,NULL,NULL,NULL,NULL,NULL,NULL),
	 ('TESTDATA_AUTO_GEN_FIXED','1','GEN_MASTER_KEYMAP','DAOND','COTDL','TBL_PIIMASTERKEYMAP',NULL,'ADD','EXTRACT','','',NULL,NULL,1,80,10,NULL,'FACID','','',NULL,NULL,NULL,'insert into COTDL.TBL_PIIMASTERKEYMAP
SELECT 
#ORDERID,
DB,
SUBSTR(KEY_NAME, 5),
BASEDATE, CUSTID,
VAL1,
SEQ_FACID.NEXTVAL
from 
COTDL.TBL_PIIKEYMAP
WHERE KEY_NAME = ''KEY_FACID'' and KEYMAP_ID = ''#KEYMAP_ID''',NULL,NULL,NULL,'',NULL,'2026-04-25 12:27:05','2026-04-25 12:27:05','admin','admin',NULL,NULL,NULL,NULL,NULL,NULL,NULL),
	 ('TESTDATA_AUTO_GEN_FIXED','1','GEN_MASTER_KEYMAP','DAOND','COTDL','TBL_PIIMASTERKEYMAP',NULL,'ADD','EXTRACT','','',NULL,NULL,1,90,10,NULL,'CCAID','','',NULL,NULL,NULL,'insert into COTDL.TBL_PIIMASTERKEYMAP
SELECT 
#ORDERID,
DB,
SUBSTR(KEY_NAME, 5),
BASEDATE, CUSTID,
VAL1,
SEQ_CCAID.NEXTVAL
from 
COTDL.TBL_PIIKEYMAP
WHERE KEY_NAME = ''KEY_CCAID'' and KEYMAP_ID = ''#KEYMAP_ID''',NULL,NULL,NULL,'',NULL,'2026-04-25 12:27:05','2026-04-25 12:27:05','admin','admin',NULL,NULL,NULL,NULL,NULL,NULL,NULL),
	 ('TESTDATA_AUTO_GEN_FIXED','1','GEN_MASTER_KEYMAP','DAOND','COTDL','TBL_PIIMASTERKEYMAP',NULL,'ADD','EXTRACT','','',NULL,NULL,1,100,10,NULL,'DEPID','','',NULL,NULL,NULL,'insert into COTDL.TBL_PIIMASTERKEYMAP
SELECT 
#ORDERID,
DB,
SUBSTR(KEY_NAME, 5),
BASEDATE, CUSTID,
VAL1,
SEQ_DEPID.NEXTVAL
from 
COTDL.TBL_PIIKEYMAP
WHERE KEY_NAME = ''KEY_DEPID'' and KEYMAP_ID = ''#KEYMAP_ID''',NULL,NULL,NULL,'',NULL,'2026-04-25 12:27:05','2026-04-25 12:27:05','admin','admin',NULL,NULL,NULL,NULL,NULL,NULL,NULL),
	 ('TESTDATA_AUTO_GEN_FIXED','1','GEN_MASTER_KEYMAP','DAOND','COTDL','TBL_PIIMASTERKEYMAP',NULL,'ADD','EXTRACT','','',NULL,NULL,1,110,10,NULL,'COLID','','',NULL,NULL,NULL,'insert into COTDL.TBL_PIIMASTERKEYMAP
SELECT 
#ORDERID,
DB,
SUBSTR(KEY_NAME, 5),
BASEDATE, CUSTID,
VAL1,
SEQ_COLID.NEXTVAL
from 
COTDL.TBL_PIIKEYMAP
WHERE KEY_NAME = ''KEY_COLID'' and KEYMAP_ID = ''#KEYMAP_ID''',NULL,NULL,NULL,'',NULL,'2026-04-25 12:27:05','2026-04-25 12:27:05','admin','admin',NULL,NULL,NULL,NULL,NULL,NULL,NULL),
	 ('TESTDATA_AUTO_GEN_FIXED','1','GEN_MASTER_KEYMAP','DAOND','COTDL','TBL_PIIMASTERKEYMAP',NULL,'ADD','EXTRACT','','',NULL,NULL,1,120,10,NULL,'CARID','','',NULL,NULL,NULL,'insert into COTDL.TBL_PIIMASTERKEYMAP
SELECT 
#ORDERID,
DB,
SUBSTR(KEY_NAME, 5),
BASEDATE, CUSTID,
VAL1,
SEQ_CARID.NEXTVAL
from 
COTDL.TBL_PIIKEYMAP
WHERE KEY_NAME = ''KEY_CARID'' and KEYMAP_ID = ''#KEYMAP_ID''',NULL,NULL,NULL,'',NULL,'2026-04-25 12:27:05','2026-04-25 12:27:05','admin','admin',NULL,NULL,NULL,NULL,NULL,NULL,NULL),
	 ('TESTDATA_AUTO_GEN_FIXED','1','GEN_MASTER_KEYMAP','DAOND','COTDL','TBL_PIIMASTERKEYMAP',NULL,'ADD','EXTRACT','','',NULL,NULL,1,130,10,NULL,'ADRID','','',NULL,NULL,NULL,'insert into COTDL.TBL_PIIMASTERKEYMAP
SELECT 
#ORDERID,
DB,
SUBSTR(KEY_NAME, 5),
BASEDATE, CUSTID,
VAL1,
SEQ_ADRID.NEXTVAL
from 
COTDL.TBL_PIIKEYMAP
WHERE KEY_NAME = ''KEY_ADRID'' and KEYMAP_ID = ''#KEYMAP_ID''',NULL,NULL,NULL,'',NULL,'2026-04-25 12:27:05','2026-04-25 12:27:05','admin','admin',NULL,NULL,NULL,NULL,NULL,NULL,NULL);
INSERT INTO COTDL.TBL_PIISTEPTABLE (JOBID,VERSION,STEPID,DB,OWNER,TABLE_NAME,PAGITYPE,PAGITYPEDETAIL,EXETYPE,ARCHIVEFLAG,STATUS,`PRECEDING`,SUCCEDDING,SEQ1,SEQ2,SEQ3,PIPELINE,PK_COL,WHERE_COL,WHERE_KEY_NAME,PARALLELCNT,COMMITCNT,WHERESTR,SQLSTR,KEYMAP_ID,KEY_NAME,KEY_COLS,KEY_REFSTR,SQLTYPE,REGDATE,UPDDATE,REGUSERID,UPDUSERID,HINTSELECT,HINTINSERT,UVAL1,UVAL2,UVAL3,UVAL4,UVAL5) VALUES
	 ('TESTDATA_AUTO_GEN_FIXED','1','GEN_MASTER_KEYMAP','DAOND','COTDL','TBL_PIIMASTERKEYMAP',NULL,'ADD','EXTRACT','','',NULL,NULL,1,140,10,NULL,'SINID','','',NULL,NULL,NULL,'insert into COTDL.TBL_PIIMASTERKEYMAP
SELECT 
#ORDERID,
DB,
SUBSTR(KEY_NAME, 5),
BASEDATE, CUSTID,
VAL1,
SEQ_SINID.NEXTVAL
from 
COTDL.TBL_PIIKEYMAP
WHERE KEY_NAME = ''KEY_SINID'' and KEYMAP_ID = ''#KEYMAP_ID''',NULL,NULL,NULL,'',NULL,'2026-04-25 12:27:05','2026-04-25 12:27:05','admin','admin',NULL,NULL,NULL,NULL,NULL,NULL,NULL),
	 ('TESTDATA_AUTO_GEN_FIXED','1','GEN_MASTER_KEYMAP','DAOND','COTDL','TBL_PIIMASTERKEYMAP',NULL,'ADD','EXTRACT','','',NULL,NULL,1,150,10,NULL,'TPVID','','',NULL,NULL,NULL,'insert into COTDL.TBL_PIIMASTERKEYMAP
SELECT 
#ORDERID,
DB,
SUBSTR(KEY_NAME, 5),
BASEDATE, CUSTID,
VAL1,
SEQ_TPVID.NEXTVAL
from 
COTDL.TBL_PIIKEYMAP
WHERE KEY_NAME = ''KEY_TPVID'' and KEYMAP_ID = ''#KEYMAP_ID''',NULL,NULL,NULL,'',NULL,'2026-04-25 12:27:05','2026-04-25 12:27:05','admin','admin',NULL,NULL,NULL,NULL,NULL,NULL,NULL),
	 ('TESTDATA_AUTO_GEN_FIXED','1','GEN_MASTER_KEYMAP','DAOND','COTDL','TBL_PIIMASTERKEYMAP',NULL,'ADD','EXTRACT','','',NULL,NULL,1,160,10,NULL,'CVAID','','',NULL,NULL,NULL,'insert into COTDL.TBL_PIIMASTERKEYMAP
SELECT 
#ORDERID,
DB,
SUBSTR(KEY_NAME, 5),
BASEDATE, CUSTID,
VAL1,
SEQ_CVAID.NEXTVAL
from 
COTDL.TBL_PIIKEYMAP
WHERE KEY_NAME = ''KEY_CVAID'' and KEYMAP_ID = ''#KEYMAP_ID''',NULL,NULL,NULL,'',NULL,'2026-04-25 12:27:05','2026-04-25 12:27:05','admin','admin',NULL,NULL,NULL,NULL,NULL,NULL,NULL),
	 ('TESTDATA_AUTO_GEN_FIXED','1','GEN_MASTER_KEYMAP','DAOND','COTDL','TBL_PIIMASTERKEYMAP',NULL,'ADD','EXTRACT','','',NULL,NULL,1,170,10,NULL,'DMAID','','',NULL,NULL,NULL,'insert into COTDL.TBL_PIIMASTERKEYMAP
SELECT 
#ORDERID,
DB,
SUBSTR(KEY_NAME, 5),
BASEDATE, CUSTID,
VAL1,
SEQ_DMAID.NEXTVAL
from 
COTDL.TBL_PIIKEYMAP
WHERE KEY_NAME = ''KEY_DMAID'' and KEYMAP_ID = ''#KEYMAP_ID''',NULL,NULL,NULL,'',NULL,'2026-04-25 12:27:05','2026-04-25 12:27:05','admin','admin',NULL,NULL,NULL,NULL,NULL,NULL,NULL),
	 ('TESTDATA_AUTO_GEN_FIXED','1','GEN_MASTER_KEYMAP','DAOND','COTDL','TBL_PIIMASTERKEYMAP',NULL,'ADD','EXTRACT','','',NULL,NULL,1,180,10,NULL,'ANAID','','',NULL,NULL,NULL,'insert into COTDL.TBL_PIIMASTERKEYMAP
SELECT 
#ORDERID,
DB,
SUBSTR(KEY_NAME, 5),
BASEDATE, CUSTID,
VAL1,
SEQ_ANAID.NEXTVAL
from 
COTDL.TBL_PIIKEYMAP
WHERE KEY_NAME = ''KEY_ANAID'' and KEYMAP_ID = ''#KEYMAP_ID''',NULL,NULL,NULL,'',NULL,'2026-04-25 12:27:05','2026-04-25 12:27:05','admin','admin',NULL,NULL,NULL,NULL,NULL,NULL,NULL),
	 ('TESTDATA_AUTO_GEN_FIXED','1','GEN_MASTER_KEYMAP','DAOND','COTDL','TBL_PIIMASTERKEYMAP',NULL,'ADD','EXTRACT','','',NULL,NULL,1,190,10,NULL,'COFID','','',NULL,NULL,NULL,'insert into COTDL.TBL_PIIMASTERKEYMAP
SELECT 
#ORDERID,
DB,
SUBSTR(KEY_NAME, 5),
BASEDATE, CUSTID,
VAL1,
SEQ_COFID.NEXTVAL
from 
COTDL.TBL_PIIKEYMAP
WHERE KEY_NAME = ''KEY_COFID'' and KEYMAP_ID = ''#KEYMAP_ID''',NULL,NULL,NULL,'',NULL,'2026-04-25 12:27:05','2026-04-25 12:27:05','admin','admin',NULL,NULL,NULL,NULL,NULL,NULL,NULL),
	 ('TESTDATA_AUTO_GEN_FIXED','1','GEN_MASTER_KEYMAP','DAOND','COTDL','TBL_PIIMASTERKEYMAP',NULL,'ADD','EXTRACT','','',NULL,NULL,1,200,10,NULL,'TWOID','','',NULL,NULL,NULL,'insert into COTDL.TBL_PIIMASTERKEYMAP
SELECT 
#ORDERID,
DB,
SUBSTR(KEY_NAME, 5),
BASEDATE, CUSTID,
VAL1,
SEQ_TWOID.NEXTVAL
from 
COTDL.TBL_PIIKEYMAP
WHERE KEY_NAME = ''KEY_TWOID'' and KEYMAP_ID = ''#KEYMAP_ID''',NULL,NULL,NULL,'',NULL,'2026-04-25 12:27:05','2026-04-25 12:27:05','admin','admin',NULL,NULL,NULL,NULL,NULL,NULL,NULL),
	 ('TESTDATA_AUTO_GEN_FIXED','1','GEN_MASTER_KEYMAP','DAOND','COTDL','TBL_PIIMASTERKEYMAP',NULL,'ADD','EXTRACT','','',NULL,NULL,1,210,10,NULL,'DOSNUM','','',NULL,NULL,NULL,'insert into COTDL.TBL_PIIMASTERKEYMAP
SELECT 
#ORDERID,
DB,
SUBSTR(KEY_NAME, 5),
BASEDATE, CUSTID,
VAL1,
SEQ_DOSNUM.NEXTVAL
from 
COTDL.TBL_PIIKEYMAP
WHERE KEY_NAME = ''KEY_DOSNUM'' and KEYMAP_ID = ''#KEYMAP_ID''',NULL,NULL,NULL,'',NULL,'2026-04-25 12:27:05','2026-04-25 12:27:05','admin','admin',NULL,NULL,NULL,NULL,NULL,NULL,NULL),
	 ('TESTDATA_AUTO_GEN_FIXED','1','GEN_MASTER_KEYMAP','DAOND','COTDL','TBL_PIIMASTERKEYMAP',NULL,'ADD','EXTRACT','','',NULL,NULL,1,220,10,NULL,'ACTCODE','','',NULL,NULL,NULL,'insert into COTDL.TBL_PIIMASTERKEYMAP
SELECT 
#ORDERID,
DB,
SUBSTR(KEY_NAME, 5),
BASEDATE, CUSTID,
VAL1,
SEQ_ACTCODE.NEXTVAL
from 
COTDL.TBL_PIIKEYMAP
WHERE KEY_NAME = ''KEY_ACTCODE'' and KEYMAP_ID = ''#KEYMAP_ID''',NULL,NULL,NULL,'',NULL,'2026-04-25 12:27:05','2026-04-25 12:27:05','admin','admin',NULL,NULL,NULL,NULL,NULL,NULL,NULL),
	 ('TESTDATA_AUTO_GEN_FIXED','1','GEN_MASTER_KEYMAP','DAOND','COTDL','TBL_PIIMASTERKEYMAP',NULL,'ADD','EXTRACT','','',NULL,NULL,1,230,10,NULL,'REGIMPUTATION','','',NULL,NULL,NULL,'insert into COTDL.TBL_PIIMASTERKEYMAP
SELECT 
#ORDERID,
DB,
SUBSTR(KEY_NAME, 5),
BASEDATE, CUSTID,
VAL1,
SEQ_REGIMPUTATION.NEXTVAL
from 
COTDL.TBL_PIIKEYMAP
WHERE KEY_NAME = ''KEY_REGIMPUTATION'' and KEYMAP_ID = ''#KEYMAP_ID''',NULL,NULL,NULL,'',NULL,'2026-04-25 12:27:05','2026-04-25 12:27:05','admin','admin',NULL,NULL,NULL,NULL,NULL,NULL,NULL);
INSERT INTO COTDL.TBL_PIISTEPTABLE (JOBID,VERSION,STEPID,DB,OWNER,TABLE_NAME,PAGITYPE,PAGITYPEDETAIL,EXETYPE,ARCHIVEFLAG,STATUS,`PRECEDING`,SUCCEDDING,SEQ1,SEQ2,SEQ3,PIPELINE,PK_COL,WHERE_COL,WHERE_KEY_NAME,PARALLELCNT,COMMITCNT,WHERESTR,SQLSTR,KEYMAP_ID,KEY_NAME,KEY_COLS,KEY_REFSTR,SQLTYPE,REGDATE,UPDDATE,REGUSERID,UPDUSERID,HINTSELECT,HINTINSERT,UVAL1,UVAL2,UVAL3,UVAL4,UVAL5) VALUES
	 ('TESTDATA_AUTO_GEN_FIXED','1','GEN_MASTER_KEYMAP','DAOND','COTDL','TBL_PIIMASTERKEYMAP',NULL,'ADD','EXTRACT','','',NULL,NULL,1,240,10,NULL,'CERID','','',NULL,NULL,NULL,'insert into COTDL.TBL_PIIMASTERKEYMAP
SELECT
#ORDERID,
DB,
SUBSTR(KEY_NAME, 5),
BASEDATE, CUSTID,
VAL1,
SEQ_CERID.NEXTVAL
from
COTDL.TBL_PIIKEYMAP
WHERE KEY_NAME = ''KEY_CERID'' and KEYMAP_ID = ''#KEYMAP_ID''',NULL,NULL,NULL,'',NULL,'2026-04-25 12:27:05','2026-04-25 12:27:05','admin','admin',NULL,NULL,NULL,NULL,NULL,NULL,NULL),
	 ('TESTDATA_AUTO_GEN_FIXED','1','MIG_KEYMAP','DAOND','COTDL','TBL_PIIKEYMAP',NULL,NULL,'BROADCAST',NULL,NULL,NULL,NULL,10,10,10,NULL,NULL,NULL,NULL,NULL,NULL,'KEYMAP_ID = ''#KEYMAP_ID''','insert into COTDL.TBL_PIIKEYMAP -- Target DB : DW
select * from COTDL.TBL_PIIKEYMAP -- DB in Step 
 where KEYMAP_ID = ''#KEYMAP_ID''',NULL,NULL,NULL,NULL,NULL,'2026-04-25 12:27:05','2026-04-25 12:27:05','admin','admin',NULL,NULL,NULL,NULL,NULL,NULL,NULL);

